{
    "metrics": {
        "data_received": {
            "count": 32977,
            "rate": 549.6157886004828
        },
        "data_sent": {
            "count": 4400,
            "rate": 73.33321617618716
        },
        "http_req_blocked": {
            "avg": 83.64142118000005,
            "max": 131.911005,
            "med": 68.05362,
            "min": 64.393639,
            "p(90)": 108.8020312,
            "p(95)": 119.09350764999999
        },
        "http_req_connecting": {
            "avg": 66.50395152,
            "max": 69.828691,
            "med": 67.60699299999999,
            "min": 43.838146,
            "p(90)": 69.56795840000001,
            "p(95)": 69.6897658
        },
        "http_req_duration": {
            "avg": 9158.936584260002,
            "max": 59868.20096,
            "med": 8124.2713205,
            "min": 8117.265414,
            "p(90)": 8127.159075,
            "p(95)": 8127.5689683
        },
        "http_req_receiving": {
            "avg": 0.02331897999999999,
            "max": 0.117366,
            "med": 0.018812500000000003,
            "min": 0,
            "p(90)": 0.0349982,
            "p(95)": 0.04414404999999999
        },
        "http_req_sending": {
            "avg": 28.048224180000002,
            "max": 29.000051,
            "med": 28.5849635,
            "min": 1.824037,
            "p(90)": 28.925399900000002,
            "p(95)": 28.964891549999997
        },
        "http_req_tls_handshaking": {
            "avg": 0,
            "max": 0,
            "med": 0,
            "min": 0,
            "p(90)": 0,
            "p(95)": 0
        },
        "http_req_waiting": {
            "avg": 9130.865041099998,
            "max": 59866.376923,
            "med": 8095.628778,
            "min": 8088.989133,
            "p(90)": 8098.3604598,
            "p(95)": 8098.696363399999
        },
        "http_reqs": {
            "count": 50,
            "rate": 0.8333320020021269
        },
        "iteration_duration": {
            "avg": 9242.67641666,
            "max": 60000.362089,
            "med": 8192.571266,
            "min": 8181.923647,
            "p(90)": 8236.521152700001,
            "p(95)": 8242.79184445
        },
        "iterations": {
            "count": 50,
            "rate": 0.8333320020021269
        },
        "vus": {
            "max": 400,
            "min": 400,
            "value": 400
        },
        "vus_max": {
            "max": 400,
            "min": 400,
            "value": 400
        }
    },
    "root_group": {
        "name": "",
        "path": "",
        "id": "d41d8cd98f00b204e9800998ecf8427e",
        "groups": {},
        "checks": {}
    }
}
