{
    "metrics": {
        "data_received": {
            "count": 57792,
            "rate": 963.1988880832037
        },
        "data_sent": {
            "count": 22704,
            "rate": 378.3995631755443
        },
        "http_req_blocked": {
            "avg": 9.350622565891484,
            "max": 26.911328,
            "med": 0.0028775,
            "min": 0.001151,
            "p(90)": 25.2859877,
            "p(95)": 25.8244199
        },
        "http_req_connecting": {
            "avg": 4.123417988372093,
            "max": 17.68561,
            "med": 0,
            "min": 0,
            "p(90)": 13.335350400000001,
            "p(95)": 14.09192955
        },
        "http_req_duration": {
            "avg": 19958.784352837218,
            "max": 20786.739705,
            "med": 19957.578602499998,
            "min": 19470.962919,
            "p(90)": 20214.3463315,
            "p(95)": 20293.994337599997
        },
        "http_req_receiving": {
            "avg": 0.037798538759689915,
            "max": 0.090181,
            "med": 0.036569500000000005,
            "min": 0.018228,
            "p(90)": 0.049761,
            "p(95)": 0.055812449999999986
        },
        "http_req_sending": {
            "avg": 0.5187912131782944,
            "max": 1.76746,
            "med": 0.0151275,
            "min": 0.005849,
            "p(90)": 1.5200296,
            "p(95)": 1.6435502
        },
        "http_req_tls_handshaking": {
            "avg": 0,
            "max": 0,
            "med": 0,
            "min": 0,
            "p(90)": 0,
            "p(95)": 0
        },
        "http_req_waiting": {
            "avg": 19958.227763085277,
            "max": 20785.382385,
            "med": 19957.0585105,
            "min": 19470.888547,
            "p(90)": 20214.3082655,
            "p(95)": 20293.95685405
        },
        "http_reqs": {
            "count": 258,
            "rate": 4.299995036085731
        },
        "iteration_duration": {
            "avg": 19968.22304897288,
            "max": 20813.566611,
            "med": 19966.2135175,
            "min": 19471.074225,
            "p(90)": 20214.3977635,
            "p(95)": 20294.0590916
        },
        "iterations": {
            "count": 258,
            "rate": 4.299995036085731
        },
        "vus": {
            "max": 100,
            "min": 100,
            "value": 100
        },
        "vus_max": {
            "max": 100,
            "min": 100,
            "value": 100
        }
    },
    "root_group": {
        "name": "",
        "path": "",
        "id": "d41d8cd98f00b204e9800998ecf8427e",
        "groups": {},
        "checks": {}
    }
}
