{
    "metrics": {
        "data_received": {
            "count": 67200,
            "rate": 1119.9984516768072
        },
        "data_sent": {
            "count": 26400,
            "rate": 439.99939173017424
        },
        "http_req_blocked": {
            "avg": 1.4876545333333333,
            "max": 10.975756,
            "med": 0.0030540000000000003,
            "min": 0.000992,
            "p(90)": 8.5149229,
            "p(95)": 9.59119355
        },
        "http_req_connecting": {
            "avg": 0.4008421000000001,
            "max": 3.712697,
            "med": 0,
            "min": 0,
            "p(90)": 2.1168637000000015,
            "p(95)": 2.9125826500000005
        },
        "http_req_duration": {
            "avg": 9206.731862816661,
            "max": 9699.666761,
            "med": 9199.4348565,
            "min": 8839.658094,
            "p(90)": 9397.1077014,
            "p(95)": 9452.276070650001
        },
        "http_req_receiving": {
            "avg": 0.04546025999999999,
            "max": 0.102243,
            "med": 0.0412345,
            "min": 0.014295,
            "p(90)": 0.05984980000000001,
            "p(95)": 0.06595865000000002
        },
        "http_req_sending": {
            "avg": 0.15482812333333326,
            "max": 1.105574,
            "med": 0.013027,
            "min": 0.004584,
            "p(90)": 0.8276476000000003,
            "p(95)": 0.9619352000000001
        },
        "http_req_tls_handshaking": {
            "avg": 0,
            "max": 0,
            "med": 0,
            "min": 0,
            "p(90)": 0,
            "p(95)": 0
        },
        "http_req_waiting": {
            "avg": 9206.531574433333,
            "max": 9698.506298,
            "med": 9198.972851499999,
            "min": 8839.564882,
            "p(90)": 9397.0536293,
            "p(95)": 9452.22735375
        },
        "http_reqs": {
            "count": 300,
            "rate": 4.999993087842889
        },
        "iteration_duration": {
            "avg": 9208.300841536677,
            "max": 9707.967699,
            "med": 9202.436135,
            "min": 8839.780011,
            "p(90)": 9397.1818804,
            "p(95)": 9452.340977
        },
        "iterations": {
            "count": 300,
            "rate": 4.999993087842889
        },
        "vus": {
            "max": 50,
            "min": 50,
            "value": 50
        },
        "vus_max": {
            "max": 50,
            "min": 50,
            "value": 50
        }
    },
    "root_group": {
        "name": "",
        "path": "",
        "id": "d41d8cd98f00b204e9800998ecf8427e",
        "groups": {},
        "checks": {}
    }
}
