{
    "metrics": {
        "data_received": {
            "count": 73920,
            "rate": 1231.9961667876598
        },
        "data_sent": {
            "count": 29040,
            "rate": 483.99849409515207
        },
        "http_req_blocked": {
            "avg": 0.038487024242424284,
            "max": 1.843024,
            "med": 0.003990499999999999,
            "min": 0.001153,
            "p(90)": 0.0069549,
            "p(95)": 0.011602500000000016
        },
        "http_req_connecting": {
            "avg": 0.007023451515151515,
            "max": 0.546701,
            "med": 0,
            "min": 0,
            "p(90)": 0,
            "p(95)": 0
        },
        "http_req_duration": {
            "avg": 1430.9361059636367,
            "max": 1628.650402,
            "med": 1425.994426,
            "min": 1364.931609,
            "p(90)": 1456.6857517,
            "p(95)": 1513.0643644000002
        },
        "http_req_receiving": {
            "avg": 0.062344445454545434,
            "max": 0.273027,
            "med": 0.061015,
            "min": 0.019172,
            "p(90)": 0.07626740000000003,
            "p(95)": 0.09064660000000001
        },
        "http_req_sending": {
            "avg": 0.018514781818181808,
            "max": 0.16402,
            "med": 0.017249,
            "min": 0.004803,
            "p(90)": 0.021866800000000002,
            "p(95)": 0.028929850000000014
        },
        "http_req_tls_handshaking": {
            "avg": 0,
            "max": 0,
            "med": 0,
            "min": 0,
            "p(90)": 0,
            "p(95)": 0
        },
        "http_req_waiting": {
            "avg": 1430.8552467363645,
            "max": 1628.58148,
            "med": 1425.9153745,
            "min": 1364.856631,
            "p(90)": 1456.6089923,
            "p(95)": 1512.9285115
        },
        "http_reqs": {
            "count": 330,
            "rate": 5.49998288744491
        },
        "iteration_duration": {
            "avg": 1431.076780418182,
            "max": 1628.762321,
            "med": 1426.092954,
            "min": 1365.029603,
            "p(90)": 1456.8480653000001,
            "p(95)": 1513.843956
        },
        "iterations": {
            "count": 330,
            "rate": 5.49998288744491
        },
        "vus": {
            "max": 8,
            "min": 8,
            "value": 8
        },
        "vus_max": {
            "max": 8,
            "min": 8,
            "value": 8
        }
    },
    "root_group": {
        "name": "",
        "path": "",
        "id": "d41d8cd98f00b204e9800998ecf8427e",
        "groups": {},
        "checks": {}
    }
}
