{
    "metrics": {
        "data_received": {
            "count": 75473,
            "rate": 1257.8800410000433
        },
        "data_sent": {
            "count": 29656,
            "rate": 494.26537299295495
        },
        "http_req_blocked": {
            "avg": 0.012295091988130558,
            "max": 1.993313,
            "med": 0.004072,
            "min": 0.001431,
            "p(90)": 0.0047030000000000015,
            "p(95)": 0.008442999999999999
        },
        "http_req_connecting": {
            "avg": 0.0025751632047477744,
            "max": 0.401962,
            "med": 0,
            "min": 0,
            "p(90)": 0,
            "p(95)": 0
        },
        "http_req_duration": {
            "avg": 177.67456069436201,
            "max": 327.188808,
            "med": 176.421977,
            "min": 175.886108,
            "p(90)": 177.1833916,
            "p(95)": 177.7797928
        },
        "http_req_receiving": {
            "avg": 0.06737994362017805,
            "max": 0.281804,
            "med": 0.061814,
            "min": 0.025142,
            "p(90)": 0.07865300000000001,
            "p(95)": 0.09964479999999998
        },
        "http_req_sending": {
            "avg": 0.017527121661721084,
            "max": 0.085736,
            "med": 0.017241,
            "min": 0.006567,
            "p(90)": 0.021315800000000003,
            "p(95)": 0.0272218
        },
        "http_req_tls_handshaking": {
            "avg": 0,
            "max": 0,
            "med": 0,
            "min": 0,
            "p(90)": 0,
            "p(95)": 0
        },
        "http_req_waiting": {
            "avg": 177.58965362908015,
            "max": 327.116825,
            "med": 176.340218,
            "min": 175.791992,
            "p(90)": 177.1017554,
            "p(95)": 177.6770616
        },
        "http_reqs": {
            "count": 337,
            "rate": 5.616651965829033
        },
        "iteration_duration": {
            "avg": 177.79331786943612,
            "max": 327.267113,
            "med": 176.525737,
            "min": 175.984447,
            "p(90)": 177.2921638,
            "p(95)": 177.9548754
        },
        "iterations": {
            "count": 337,
            "rate": 5.616651965829033
        },
        "vus": {
            "max": 1,
            "min": 1,
            "value": 1
        },
        "vus_max": {
            "max": 1,
            "min": 1,
            "value": 1
        }
    },
    "root_group": {
        "name": "",
        "path": "",
        "id": "d41d8cd98f00b204e9800998ecf8427e",
        "groups": {},
        "checks": {}
    }
}
