{
    "metrics": {
        "data_received": {
            "count": 64960,
            "rate": 1082.6656317646336
        },
        "data_sent": {
            "count": 25520,
            "rate": 425.3329267646775
        },
        "http_req_blocked": {
            "avg": 2.2019023241379334,
            "max": 15.851857,
            "med": 0.002192,
            "min": 0.001308,
            "p(90)": 12.269415900000004,
            "p(95)": 13.849528950000002
        },
        "http_req_connecting": {
            "avg": 0.3106664,
            "max": 3.544507,
            "med": 0,
            "min": 0,
            "p(90)": 1.4883908000000012,
            "p(95)": 2.464682350000001
        },
        "http_req_duration": {
            "avg": 9974.197912906899,
            "max": 10430.444061,
            "med": 9942.5527085,
            "min": 9534.769197,
            "p(90)": 10250.6365791,
            "p(95)": 10328.64506235
        },
        "http_req_receiving": {
            "avg": 0.03829354137931034,
            "max": 0.088326,
            "med": 0.035512,
            "min": 0.025704,
            "p(90)": 0.04866570000000003,
            "p(95)": 0.058453050000000006
        },
        "http_req_sending": {
            "avg": 3.3136327482758614,
            "max": 39.722998,
            "med": 0.010301,
            "min": 0.006537,
            "p(90)": 2.2665219000000065,
            "p(95)": 39.46526635
        },
        "http_req_tls_handshaking": {
            "avg": 0,
            "max": 0,
            "med": 0,
            "min": 0,
            "p(90)": 0,
            "p(95)": 0
        },
        "http_req_waiting": {
            "avg": 9970.845986617236,
            "max": 10430.396274,
            "med": 9939.2648235,
            "min": 9530.826063,
            "p(90)": 10250.5807143,
            "p(95)": 10325.1892093
        },
        "http_reqs": {
            "count": 290,
            "rate": 4.833328713234971
        },
        "iteration_duration": {
            "avg": 9976.473274648277,
            "max": 10430.520541,
            "med": 9944.851504,
            "min": 9547.855381,
            "p(90)": 10250.6969844,
            "p(95)": 10334.12588215
        },
        "iterations": {
            "count": 290,
            "rate": 4.833328713234971
        },
        "vus": {
            "max": 50,
            "min": 50,
            "value": 50
        },
        "vus_max": {
            "max": 50,
            "min": 50,
            "value": 50
        }
    },
    "root_group": {
        "name": "",
        "path": "",
        "id": "d41d8cd98f00b204e9800998ecf8427e",
        "groups": {},
        "checks": {}
    }
}
