{
    "metrics": {
        "data_received": {
            "count": 44800,
            "rate": 746.6657687388577
        },
        "data_sent": {
            "count": 17600,
            "rate": 293.3329805759798
        },
        "http_req_blocked": {
            "avg": 31.58683023,
            "max": 37.042228,
            "med": 31.6666915,
            "min": 26.852557,
            "p(90)": 34.5250757,
            "p(95)": 35.32210189999999
        },
        "http_req_connecting": {
            "avg": 13.218407580000003,
            "max": 22.0309,
            "med": 11.4416685,
            "min": 4.919201,
            "p(90)": 20.6874274,
            "p(95)": 21.292405199999997
        },
        "http_req_duration": {
            "avg": 40141.65532821499,
            "max": 41120.322878,
            "med": 40092.748414999995,
            "min": 39038.697743,
            "p(90)": 40844.2620999,
            "p(95)": 40850.313933749996
        },
        "http_req_receiving": {
            "avg": 0.08826295,
            "max": 1.201771,
            "med": 0.0378245,
            "min": 0.013608,
            "p(90)": 0.11973999999999953,
            "p(95)": 0.4134492499999996
        },
        "http_req_sending": {
            "avg": 2.6837751300000003,
            "max": 4.082811,
            "med": 2.767239,
            "min": 0.111917,
            "p(90)": 3.8281924,
            "p(95)": 3.961007
        },
        "http_req_tls_handshaking": {
            "avg": 0,
            "max": 0,
            "med": 0,
            "min": 0,
            "p(90)": 0,
            "p(95)": 0
        },
        "http_req_waiting": {
            "avg": 40138.883290134996,
            "max": 41118.856098,
            "med": 40089.109374,
            "min": 39038.511265,
            "p(90)": 40842.0922369,
            "p(95)": 40847.3823741
        },
        "http_reqs": {
            "count": 200,
            "rate": 3.333329324727043
        },
        "iteration_duration": {
            "avg": 40173.34554894999,
            "max": 41153.133088,
            "med": 40123.3664985,
            "min": 39069.878186,
            "p(90)": 40876.657785100004,
            "p(95)": 40881.737507
        },
        "iterations": {
            "count": 200,
            "rate": 3.333329324727043
        },
        "vus": {
            "max": 200,
            "min": 200,
            "value": 200
        },
        "vus_max": {
            "max": 200,
            "min": 200,
            "value": 200
        }
    },
    "root_group": {
        "name": "",
        "path": "",
        "id": "d41d8cd98f00b204e9800998ecf8427e",
        "groups": {},
        "checks": {}
    }
}
