{
    "metrics": {
        "data_received": {
            "count": 66528,
            "rate": 1108.7986528281167
        },
        "data_sent": {
            "count": 26136,
            "rate": 435.599470753903
        },
        "http_req_blocked": {
            "avg": 0.04686813804713803,
            "max": 2.143355,
            "med": 0.002087,
            "min": 0.001354,
            "p(90)": 0.0037378000000000025,
            "p(95)": 0.004296999999999998
        },
        "http_req_connecting": {
            "avg": 0.00876830303030303,
            "max": 0.612456,
            "med": 0,
            "min": 0,
            "p(90)": 0,
            "p(95)": 0
        },
        "http_req_duration": {
            "avg": 1580.9604013838384,
            "max": 1807.842792,
            "med": 1574.322788,
            "min": 1504.479812,
            "p(90)": 1599.4545420000002,
            "p(95)": 1682.3981534
        },
        "http_req_receiving": {
            "avg": 0.043372356902356905,
            "max": 0.084363,
            "med": 0.040146,
            "min": 0.025325,
            "p(90)": 0.05713340000000001,
            "p(95)": 0.06100559999999999
        },
        "http_req_sending": {
            "avg": 0.015198161616161616,
            "max": 0.167434,
            "med": 0.010639,
            "min": 0.007777,
            "p(90)": 0.0165714,
            "p(95)": 0.021872199999999998
        },
        "http_req_tls_handshaking": {
            "avg": 0,
            "max": 0,
            "med": 0,
            "min": 0,
            "p(90)": 0,
            "p(95)": 0
        },
        "http_req_waiting": {
            "avg": 1580.9018308653197,
            "max": 1807.791323,
            "med": 1574.249433,
            "min": 1504.419877,
            "p(90)": 1599.4001634,
            "p(95)": 1682.3319961999998
        },
        "http_reqs": {
            "count": 297,
            "rate": 4.949993985839807
        },
        "iteration_duration": {
            "avg": 1581.0762243434344,
            "max": 1807.928098,
            "med": 1574.414941,
            "min": 1504.550396,
            "p(90)": 1599.5205288,
            "p(95)": 1682.4703788
        },
        "iterations": {
            "count": 297,
            "rate": 4.949993985839807
        },
        "vus": {
            "max": 8,
            "min": 8,
            "value": 8
        },
        "vus_max": {
            "max": 8,
            "min": 8,
            "value": 8
        }
    },
    "root_group": {
        "name": "",
        "path": "",
        "id": "d41d8cd98f00b204e9800998ecf8427e",
        "groups": {},
        "checks": {}
    }
}
