{
    "metrics": {
        "data_received": {
            "count": 67409,
            "rate": 1123.4821129883373
        },
        "data_sent": {
            "count": 26488,
            "rate": 441.4661871387364
        },
        "http_req_blocked": {
            "avg": 0.007339299003322261,
            "max": 0.596524,
            "med": 0.002873,
            "min": 0.001773,
            "p(90)": 0.003816,
            "p(95)": 0.004187
        },
        "http_req_connecting": {
            "avg": 0.0016095116279069767,
            "max": 0.136812,
            "med": 0,
            "min": 0,
            "p(90)": 0,
            "p(95)": 0
        },
        "http_req_duration": {
            "avg": 198.97860034883738,
            "max": 380.684752,
            "med": 196.959142,
            "min": 196.069341,
            "p(90)": 200.076177,
            "p(95)": 200.287912
        },
        "http_req_receiving": {
            "avg": 0.05049235215946843,
            "max": 0.113781,
            "med": 0.04881,
            "min": 0.033425,
            "p(90)": 0.059365,
            "p(95)": 0.065254
        },
        "http_req_sending": {
            "avg": 0.01544711295681063,
            "max": 0.097898,
            "med": 0.01488,
            "min": 0.008849,
            "p(90)": 0.017276,
            "p(95)": 0.023967
        },
        "http_req_tls_handshaking": {
            "avg": 0,
            "max": 0,
            "med": 0,
            "min": 0,
            "p(90)": 0,
            "p(95)": 0
        },
        "http_req_waiting": {
            "avg": 198.91266088372097,
            "max": 380.609833,
            "med": 196.876989,
            "min": 196.014447,
            "p(90)": 200.004022,
            "p(95)": 200.214092
        },
        "http_reqs": {
            "count": 301,
            "rate": 5.016661217485641
        },
        "iteration_duration": {
            "avg": 199.06513126578074,
            "max": 380.778947,
            "med": 197.048825,
            "min": 196.147082,
            "p(90)": 200.149559,
            "p(95)": 200.390886
        },
        "iterations": {
            "count": 301,
            "rate": 5.016661217485641
        },
        "vus": {
            "max": 1,
            "min": 1,
            "value": 1
        },
        "vus_max": {
            "max": 1,
            "min": 1,
            "value": 1
        }
    },
    "root_group": {
        "name": "",
        "path": "",
        "id": "d41d8cd98f00b204e9800998ecf8427e",
        "groups": {},
        "checks": {}
    }
}
