{
    "metrics": {
        "data_received": {
            "count": 62262,
            "rate": 1037.69848222761
        },
        "data_sent": {
            "count": 24464,
            "rate": 407.73273696984114
        },
        "http_req_blocked": {
            "avg": 0.00872915827338129,
            "max": 0.571368,
            "med": 0.0034245,
            "min": 0.001157,
            "p(90)": 0.0042214,
            "p(95)": 0.00640449999999999
        },
        "http_req_connecting": {
            "avg": 0.0018136402877697842,
            "max": 0.211104,
            "med": 0,
            "min": 0,
            "p(90)": 0,
            "p(95)": 0
        },
        "http_req_duration": {
            "avg": 429.51702624460415,
            "max": 621.363711,
            "med": 427.853725,
            "min": 402.445388,
            "p(90)": 435.66760850000003,
            "p(95)": 440.98377895
        },
        "http_req_receiving": {
            "avg": 0.0514653201438849,
            "max": 0.23682,
            "med": 0.049714999999999995,
            "min": 0.018933,
            "p(90)": 0.0605967,
            "p(95)": 0.0669198
        },
        "http_req_sending": {
            "avg": 0.015466953237410068,
            "max": 0.095423,
            "med": 0.015061000000000001,
            "min": 0.005455,
            "p(90)": 0.028509900000000015,
            "p(95)": 0.033966349999999985
        },
        "http_req_tls_handshaking": {
            "avg": 0,
            "max": 0,
            "med": 0,
            "min": 0,
            "p(90)": 0,
            "p(95)": 0
        },
        "http_req_waiting": {
            "avg": 429.4500939712234,
            "max": 621.303453,
            "med": 427.7959545,
            "min": 402.389188,
            "p(90)": 435.59925929999997,
            "p(95)": 440.94382885
        },
        "http_reqs": {
            "count": 278,
            "rate": 4.633326556475468
        },
        "iteration_duration": {
            "avg": 429.61493273021586,
            "max": 621.428178,
            "med": 427.95366249999995,
            "min": 402.501598,
            "p(90)": 435.7788941,
            "p(95)": 441.0531904
        },
        "iterations": {
            "count": 278,
            "rate": 4.633326556475468
        },
        "vus": {
            "max": 2,
            "min": 2,
            "value": 2
        },
        "vus_max": {
            "max": 2,
            "min": 2,
            "value": 2
        }
    },
    "root_group": {
        "name": "",
        "path": "",
        "id": "d41d8cd98f00b204e9800998ecf8427e",
        "groups": {},
        "checks": {}
    }
}
