{
    "metrics": {
        "data_received": {
            "count": 66518,
            "rate": 1108.6321329803684
        },
        "data_sent": {
            "count": 26136,
            "rate": 435.5995283618706
        },
        "http_req_blocked": {
            "avg": 0.009518760942760938,
            "max": 0.932902,
            "med": 0.002349,
            "min": 0.00153,
            "p(90)": 0.003638,
            "p(95)": 0.004042
        },
        "http_req_connecting": {
            "avg": 0.0019912390572390574,
            "max": 0.30651,
            "med": 0,
            "min": 0,
            "p(90)": 0,
            "p(95)": 0
        },
        "http_req_duration": {
            "avg": 402.5090669898989,
            "max": 586.558388,
            "med": 399.454266,
            "min": 388.592278,
            "p(90)": 404.2301302,
            "p(95)": 406.8795076
        },
        "http_req_receiving": {
            "avg": 0.046088377104377076,
            "max": 0.109954,
            "med": 0.046396,
            "min": 0.029422,
            "p(90)": 0.056449200000000005,
            "p(95)": 0.06123139999999999
        },
        "http_req_sending": {
            "avg": 0.0140459292929293,
            "max": 0.059841,
            "med": 0.013006,
            "min": 0.00858,
            "p(90)": 0.0169872,
            "p(95)": 0.022611199999999988
        },
        "http_req_tls_handshaking": {
            "avg": 0,
            "max": 0,
            "med": 0,
            "min": 0,
            "p(90)": 0,
            "p(95)": 0
        },
        "http_req_waiting": {
            "avg": 402.4489326835019,
            "max": 586.499708,
            "med": 399.40746,
            "min": 388.53623,
            "p(90)": 404.16699040000003,
            "p(95)": 406.8086382
        },
        "http_reqs": {
            "count": 297,
            "rate": 4.949994640475802
        },
        "iteration_duration": {
            "avg": 402.5936126397306,
            "max": 586.630982,
            "med": 399.515875,
            "min": 388.669067,
            "p(90)": 404.3178932,
            "p(95)": 406.9684866
        },
        "iterations": {
            "count": 297,
            "rate": 4.949994640475802
        },
        "vus": {
            "max": 2,
            "min": 2,
            "value": 2
        },
        "vus_max": {
            "max": 2,
            "min": 2,
            "value": 2
        }
    },
    "root_group": {
        "name": "",
        "path": "",
        "id": "d41d8cd98f00b204e9800998ecf8427e",
        "groups": {},
        "checks": {}
    }
}
