{
    "metrics": {
        "data_received": {
            "count": 44800,
            "rate": 746.6655032373684
        },
        "data_sent": {
            "count": 17600,
            "rate": 293.3328762718233
        },
        "http_req_blocked": {
            "avg": 32.60735566999999,
            "max": 37.928913,
            "med": 32.7740555,
            "min": 27.04637,
            "p(90)": 35.662442799999994,
            "p(95)": 36.411930399999996
        },
        "http_req_connecting": {
            "avg": 14.375954165000001,
            "max": 24.105956,
            "med": 14.939744000000001,
            "min": 2.819716,
            "p(90)": 23.0420927,
            "p(95)": 23.54009395
        },
        "http_req_duration": {
            "avg": 35839.21823988499,
            "max": 37907.812284,
            "med": 35905.509602499995,
            "min": 34691.78817,
            "p(90)": 36270.2657358,
            "p(95)": 36351.1636124
        },
        "http_req_receiving": {
            "avg": 0.053244369999999985,
            "max": 0.110187,
            "med": 0.052434,
            "min": 0.01367,
            "p(90)": 0.0832538,
            "p(95)": 0.0891372
        },
        "http_req_sending": {
            "avg": 2.0328113400000003,
            "max": 3.363866,
            "med": 1.973533,
            "min": 0.715922,
            "p(90)": 3.0570410999999997,
            "p(95)": 3.2182329
        },
        "http_req_tls_handshaking": {
            "avg": 0,
            "max": 0,
            "med": 0,
            "min": 0,
            "p(90)": 0,
            "p(95)": 0
        },
        "http_req_waiting": {
            "avg": 35837.132184175,
            "max": 37905.955227,
            "med": 35903.5737505,
            "min": 34690.001658,
            "p(90)": 36268.7818217,
            "p(95)": 36349.41509635
        },
        "http_reqs": {
            "count": 200,
            "rate": 3.3333281394525374
        },
        "iteration_duration": {
            "avg": 35871.96449368499,
            "max": 37942.311467,
            "med": 35939.372814999995,
            "min": 34725.946653,
            "p(90)": 36300.6520495,
            "p(95)": 36382.923919400004
        },
        "iterations": {
            "count": 200,
            "rate": 3.3333281394525374
        },
        "vus": {
            "max": 200,
            "min": 200,
            "value": 200
        },
        "vus_max": {
            "max": 200,
            "min": 200,
            "value": 200
        }
    },
    "root_group": {
        "name": "",
        "path": "",
        "id": "d41d8cd98f00b204e9800998ecf8427e",
        "groups": {},
        "checks": {}
    }
}
