{
    "metrics": {
        "data_received": {
            "count": 67200,
            "rate": 1119.9963934809466
        },
        "data_sent": {
            "count": 26400,
            "rate": 439.99858315322905
        },
        "http_req_blocked": {
            "avg": 7.988598926666681,
            "max": 32.439236,
            "med": 0.0039924999999999995,
            "min": 0.001123,
            "p(90)": 26.528954100000004,
            "p(95)": 27.918277
        },
        "http_req_connecting": {
            "avg": 4.468661686666666,
            "max": 23.727793,
            "med": 0,
            "min": 0,
            "p(90)": 14.8773082,
            "p(95)": 15.6657007
        },
        "http_req_duration": {
            "avg": 19610.401806123336,
            "max": 20681.428736,
            "med": 19611.196983499998,
            "min": 18942.872665,
            "p(90)": 19879.7249853,
            "p(95)": 20029.556777799997
        },
        "http_req_receiving": {
            "avg": 0.05580373000000002,
            "max": 0.141308,
            "med": 0.055216,
            "min": 0.018562,
            "p(90)": 0.0765168,
            "p(95)": 0.08180165000000002
        },
        "http_req_sending": {
            "avg": 0.37383232999999993,
            "max": 1.410528,
            "med": 0.0175265,
            "min": 0.005076,
            "p(90)": 1.1900539000000003,
            "p(95)": 1.2986250000000001
        },
        "http_req_tls_handshaking": {
            "avg": 0,
            "max": 0,
            "med": 0,
            "min": 0,
            "p(90)": 0,
            "p(95)": 0
        },
        "http_req_waiting": {
            "avg": 19609.97217006332,
            "max": 20680.326349,
            "med": 19611.115208000003,
            "min": 18942.798782,
            "p(90)": 19879.6724397,
            "p(95)": 20029.48484805
        },
        "http_reqs": {
            "count": 300,
            "rate": 4.999983899468512
        },
        "iteration_duration": {
            "avg": 19618.499262966674,
            "max": 20710.816171,
            "med": 19618.979909499998,
            "min": 18942.954249,
            "p(90)": 19892.6329044,
            "p(95)": 20029.6663956
        },
        "iterations": {
            "count": 300,
            "rate": 4.999983899468512
        },
        "vus": {
            "max": 100,
            "min": 100,
            "value": 100
        },
        "vus_max": {
            "max": 100,
            "min": 100,
            "value": 100
        }
    },
    "root_group": {
        "name": "",
        "path": "",
        "id": "d41d8cd98f00b204e9800998ecf8427e",
        "groups": {},
        "checks": {}
    }
}
