{
    "metrics": {
        "data_received": {
            "count": 75249,
            "rate": 1254.1480286465187
        },
        "data_sent": {
            "count": 29568,
            "rate": 492.79922538532423
        },
        "http_req_blocked": {
            "avg": 0.00767815773809524,
            "max": 0.68423,
            "med": 0.004073,
            "min": 0.001463,
            "p(90)": 0.0046255,
            "p(95)": 0.007138500000000001
        },
        "http_req_connecting": {
            "avg": 0.0017473065476190477,
            "max": 0.296594,
            "med": 0,
            "min": 0,
            "p(90)": 0,
            "p(95)": 0
        },
        "http_req_duration": {
            "avg": 178.12551125892855,
            "max": 191.815737,
            "med": 177.8888185,
            "min": 176.254644,
            "p(90)": 178.97801349999997,
            "p(95)": 179.32736875
        },
        "http_req_receiving": {
            "avg": 0.06552741964285717,
            "max": 0.226878,
            "med": 0.0609485,
            "min": 0.023692,
            "p(90)": 0.07929649999999999,
            "p(95)": 0.0897875
        },
        "http_req_sending": {
            "avg": 0.017629354166666642,
            "max": 0.056627,
            "med": 0.017208,
            "min": 0.006687,
            "p(90)": 0.020399,
            "p(95)": 0.02582
        },
        "http_req_tls_handshaking": {
            "avg": 0,
            "max": 0,
            "med": 0,
            "min": 0,
            "p(90)": 0,
            "p(95)": 0
        },
        "http_req_waiting": {
            "avg": 178.04235448511912,
            "max": 191.736275,
            "med": 177.807547,
            "min": 176.17784,
            "p(90)": 178.900243,
            "p(95)": 179.251008
        },
        "http_reqs": {
            "count": 336,
            "rate": 5.599991197560502
        },
        "iteration_duration": {
            "avg": 178.23268148809524,
            "max": 191.920111,
            "med": 177.99446849999998,
            "min": 176.366538,
            "p(90)": 179.0911565,
            "p(95)": 179.449216
        },
        "iterations": {
            "count": 336,
            "rate": 5.599991197560502
        },
        "vus": {
            "max": 1,
            "min": 1,
            "value": 1
        },
        "vus_max": {
            "max": 1,
            "min": 1,
            "value": 1
        }
    },
    "root_group": {
        "name": "",
        "path": "",
        "id": "d41d8cd98f00b204e9800998ecf8427e",
        "groups": {},
        "checks": {}
    }
}
