{
    "metrics": {
        "data_received": {
            "count": 66966,
            "rate": 1116.0983995707
        },
        "data_sent": {
            "count": 26312,
            "rate": 438.53270449936167
        },
        "http_req_blocked": {
            "avg": 0.014782531772575247,
            "max": 2.948702,
            "med": 0.003459,
            "min": 0.002021,
            "p(90)": 0.004038399999999999,
            "p(95)": 0.004428699999999997
        },
        "http_req_connecting": {
            "avg": 0.008498183946488293,
            "max": 2.304151,
            "med": 0,
            "min": 0,
            "p(90)": 0,
            "p(95)": 0
        },
        "http_req_duration": {
            "avg": 200.0315648695653,
            "max": 206.851185,
            "med": 201.227673,
            "min": 196.467942,
            "p(90)": 201.5795316,
            "p(95)": 201.8937922
        },
        "http_req_receiving": {
            "avg": 0.060118765886287666,
            "max": 0.127695,
            "med": 0.059375,
            "min": 0.046066,
            "p(90)": 0.06908859999999999,
            "p(95)": 0.0719952
        },
        "http_req_sending": {
            "avg": 0.017273979933110358,
            "max": 0.064784,
            "med": 0.016354,
            "min": 0.012037,
            "p(90)": 0.0179474,
            "p(95)": 0.022834699999999937
        },
        "http_req_tls_handshaking": {
            "avg": 0,
            "max": 0,
            "med": 0,
            "min": 0,
            "p(90)": 0,
            "p(95)": 0
        },
        "http_req_waiting": {
            "avg": 199.95417212374593,
            "max": 206.750178,
            "med": 201.145181,
            "min": 196.408945,
            "p(90)": 201.4947472,
            "p(95)": 201.8151225
        },
        "http_reqs": {
            "count": 299,
            "rate": 4.983326187492747
        },
        "iteration_duration": {
            "avg": 200.1431146354515,
            "max": 206.964104,
            "med": 201.328836,
            "min": 196.549788,
            "p(90)": 201.68132880000002,
            "p(95)": 201.9957664
        },
        "iterations": {
            "count": 299,
            "rate": 4.983326187492747
        },
        "vus": {
            "max": 1,
            "min": 1,
            "value": 1
        },
        "vus_max": {
            "max": 1,
            "min": 1,
            "value": 1
        }
    },
    "root_group": {
        "name": "",
        "path": "",
        "id": "d41d8cd98f00b204e9800998ecf8427e",
        "groups": {},
        "checks": {}
    }
}
