{
    "metrics": {
        "data_received": {
            "count": 134400,
            "rate": 2239.9964617762557
        },
        "data_sent": {
            "count": 52800,
            "rate": 879.998609983529
        },
        "http_req_blocked": {
            "avg": 12.731531763333324,
            "max": 42.693849,
            "med": 0.00334,
            "min": 0.00095,
            "p(90)": 39.3557782,
            "p(95)": 40.44447255
        },
        "http_req_connecting": {
            "avg": 5.606452226666665,
            "max": 29.830629,
            "med": 0,
            "min": 0,
            "p(90)": 19.536957900000015,
            "p(95)": 27.9671758
        },
        "http_req_duration": {
            "avg": 18728.574293191665,
            "max": 20474.921361,
            "med": 18779.8578825,
            "min": 11223.256264,
            "p(90)": 19831.845009200002,
            "p(95)": 19938.9843251
        },
        "http_req_receiving": {
            "avg": 0.04907448000000006,
            "max": 0.107101,
            "med": 0.0469315,
            "min": 0.013694,
            "p(90)": 0.0689809,
            "p(95)": 0.08010294999999999
        },
        "http_req_sending": {
            "avg": 0.6408180433333341,
            "max": 3.376897,
            "med": 0.015120000000000001,
            "min": 0.004878,
            "p(90)": 2.5201684000000006,
            "p(95)": 2.912422199999999
        },
        "http_req_tls_handshaking": {
            "avg": 0,
            "max": 0,
            "med": 0,
            "min": 0,
            "p(90)": 0,
            "p(95)": 0
        },
        "http_req_waiting": {
            "avg": 18727.884400668307,
            "max": 20474.028414,
            "med": 18779.80012,
            "min": 11221.588422,
            "p(90)": 19830.903532199998,
            "p(95)": 19936.97292475
        },
        "http_reqs": {
            "count": 600,
            "rate": 9.999984204358285
        },
        "iteration_duration": {
            "avg": 18741.40768209499,
            "max": 20514.888947,
            "med": 18784.891557000003,
            "min": 11261.384999,
            "p(90)": 19871.0652173,
            "p(95)": 19978.939898099998
        },
        "iterations": {
            "count": 600,
            "rate": 9.999984204358285
        },
        "vus": {
            "max": 200,
            "min": 200,
            "value": 200
        },
        "vus_max": {
            "max": 200,
            "min": 200,
            "value": 200
        }
    },
    "root_group": {
        "name": "",
        "path": "",
        "id": "d41d8cd98f00b204e9800998ecf8427e",
        "groups": {},
        "checks": {}
    }
}
