{
    "metrics": {
        "data_received": {
            "count": 121408,
            "rate": 2023.4638021164108
        },
        "data_sent": {
            "count": 47696,
            "rate": 794.9322079743042
        },
        "http_req_blocked": {
            "avg": 0.5208165166051666,
            "max": 8.896784,
            "med": 0.0038174999999999997,
            "min": 0.001984,
            "p(90)": 0.01875270000000008,
            "p(95)": 5.315606399999991
        },
        "http_req_connecting": {
            "avg": 0.19391670110701104,
            "max": 4.046159,
            "med": 0,
            "min": 0,
            "p(90)": 0,
            "p(95)": 1.9593388999999939
        },
        "http_req_duration": {
            "avg": 5284.2736552287815,
            "max": 6519.957239,
            "med": 5299.5233385,
            "min": 3528.391126,
            "p(90)": 5858.880457800001,
            "p(95)": 6036.014463549999
        },
        "http_req_receiving": {
            "avg": 0.06703022509225093,
            "max": 0.096015,
            "med": 0.066247,
            "min": 0.032026,
            "p(90)": 0.07778220000000001,
            "p(95)": 0.08055544999999999
        },
        "http_req_sending": {
            "avg": 0.2052542343173431,
            "max": 2.659745,
            "med": 0.017181500000000002,
            "min": 0.009424,
            "p(90)": 0.054124100000000105,
            "p(95)": 1.9402103499999996
        },
        "http_req_tls_handshaking": {
            "avg": 0,
            "max": 0,
            "med": 0,
            "min": 0,
            "p(90)": 0,
            "p(95)": 0
        },
        "http_req_waiting": {
            "avg": 5284.001370769368,
            "max": 6517.77375,
            "med": 5299.434166499999,
            "min": 3528.310196,
            "p(90)": 5858.798265900001,
            "p(95)": 6035.843410499999
        },
        "http_reqs": {
            "count": 542,
            "rate": 9.033320545162548
        },
        "iteration_duration": {
            "avg": 5284.90660373432,
            "max": 6526.185788,
            "med": 5299.626932,
            "min": 3528.472768,
            "p(90)": 5859.014154900001,
            "p(95)": 6036.308430499999
        },
        "iterations": {
            "count": 542,
            "rate": 9.033320545162548
        },
        "vus": {
            "max": 50,
            "min": 50,
            "value": 50
        },
        "vus_max": {
            "max": 50,
            "min": 50,
            "value": 50
        }
    },
    "root_group": {
        "name": "",
        "path": "",
        "id": "d41d8cd98f00b204e9800998ecf8427e",
        "groups": {},
        "checks": {}
    }
}
