{
    "metrics": {
        "data_received": {
            "count": 146466,
            "rate": 2441.0964411254986
        },
        "data_sent": {
            "count": 57552,
            "rate": 959.1986015843588
        },
        "http_req_blocked": {
            "avg": 0.007020371559633023,
            "max": 0.640324,
            "med": 0.0031505,
            "min": 0.001027,
            "p(90)": 0.004055400000000001,
            "p(95)": 0.0069141
        },
        "http_req_connecting": {
            "avg": 0.001619935779816514,
            "max": 0.230361,
            "med": 0,
            "min": 0,
            "p(90)": 0,
            "p(95)": 0
        },
        "http_req_duration": {
            "avg": 183.26759287767584,
            "max": 295.741265,
            "med": 182.6229945,
            "min": 180.373852,
            "p(90)": 183.4130797,
            "p(95)": 183.70451755
        },
        "http_req_receiving": {
            "avg": 0.04839574464831798,
            "max": 1.50926,
            "med": 0.043163,
            "min": 0.013135,
            "p(90)": 0.058117600000000005,
            "p(95)": 0.0646026
        },
        "http_req_sending": {
            "avg": 0.01383222018348623,
            "max": 0.070288,
            "med": 0.0135295,
            "min": 0.004395,
            "p(90)": 0.0164167,
            "p(95)": 0.020807
        },
        "http_req_tls_handshaking": {
            "avg": 0,
            "max": 0,
            "med": 0,
            "min": 0,
            "p(90)": 0,
            "p(95)": 0
        },
        "http_req_waiting": {
            "avg": 183.20536491284417,
            "max": 295.68506,
            "med": 182.56393350000002,
            "min": 180.317705,
            "p(90)": 183.3446433,
            "p(95)": 183.64131275
        },
        "http_reqs": {
            "count": 654,
            "rate": 10.899984108913168
        },
        "iteration_duration": {
            "avg": 183.35263750458725,
            "max": 295.836601,
            "med": 182.72224949999998,
            "min": 180.452953,
            "p(90)": 183.5222531,
            "p(95)": 183.7910801
        },
        "iterations": {
            "count": 654,
            "rate": 10.899984108913168
        },
        "vus": {
            "max": 2,
            "min": 2,
            "value": 2
        },
        "vus_max": {
            "max": 2,
            "min": 2,
            "value": 2
        }
    },
    "root_group": {
        "name": "",
        "path": "",
        "id": "d41d8cd98f00b204e9800998ecf8427e",
        "groups": {},
        "checks": {}
    }
}
