{
    "metrics": {
        "data_received": {
            "count": 90048,
            "rate": 1500.7976494006948
        },
        "data_sent": {
            "count": 35376,
            "rate": 589.599076550273
        },
        "http_req_blocked": {
            "avg": 69.0837572014925,
            "max": 102.561343,
            "med": 75.1908865,
            "min": 0.002375,
            "p(90)": 92.0951055,
            "p(95)": 93.83982024999999
        },
        "http_req_connecting": {
            "avg": 41.385217713930324,
            "max": 75.016353,
            "med": 33.5411575,
            "min": 0,
            "p(90)": 65.1261914,
            "p(95)": 66.17640835
        },
        "http_req_duration": {
            "avg": 36801.177853594556,
            "max": 40429.739233,
            "med": 37913.673580999995,
            "min": 7673.248685,
            "p(90)": 40044.6574024,
            "p(95)": 40220.83617725
        },
        "http_req_receiving": {
            "avg": 0.05470222885572135,
            "max": 0.108124,
            "med": 0.052774,
            "min": 0.018167,
            "p(90)": 0.0730744,
            "p(95)": 0.07801075
        },
        "http_req_sending": {
            "avg": 7.1779740000000025,
            "max": 36.575288,
            "med": 2.90571,
            "min": 0.012727,
            "p(90)": 20.1161496,
            "p(95)": 20.48504295
        },
        "http_req_tls_handshaking": {
            "avg": 0,
            "max": 0,
            "med": 0,
            "min": 0,
            "p(90)": 0,
            "p(95)": 0
        },
        "http_req_waiting": {
            "avg": 36793.94517736568,
            "max": 40418.961698,
            "med": 37907.767355,
            "min": 7650.037671,
            "p(90)": 40034.2448762,
            "p(95)": 40203.6605454
        },
        "http_reqs": {
            "count": 402,
            "rate": 6.699989506253102
        },
        "iteration_duration": {
            "avg": 36870.39957767413,
            "max": 40523.393021,
            "med": 37980.2001975,
            "min": 7724.595621,
            "p(90)": 40119.984462,
            "p(95)": 40281.1088191
        },
        "iterations": {
            "count": 402,
            "rate": 6.699989506253102
        },
        "vus": {
            "max": 400,
            "min": 400,
            "value": 400
        },
        "vus_max": {
            "max": 400,
            "min": 400,
            "value": 400
        }
    },
    "root_group": {
        "name": "",
        "path": "",
        "id": "d41d8cd98f00b204e9800998ecf8427e",
        "groups": {},
        "checks": {}
    }
}
