{
    "metrics": {
        "data_received": {
            "count": 143808,
            "rate": 2396.7969167604465
        },
        "data_sent": {
            "count": 56496,
            "rate": 941.5987887273182
        },
        "http_req_blocked": {
            "avg": 0.5815422834890954,
            "max": 10.116118,
            "med": 0.0030145,
            "min": 0.000936,
            "p(90)": 0.0045676,
            "p(95)": 6.722920499999994
        },
        "http_req_connecting": {
            "avg": 0.11679275545171339,
            "max": 2.908502,
            "med": 0,
            "min": 0,
            "p(90)": 0,
            "p(95)": 1.0905866999999962
        },
        "http_req_duration": {
            "avg": 4595.068262476641,
            "max": 4842.548941,
            "med": 4591.7208040000005,
            "min": 3910.448118,
            "p(90)": 4698.0672303,
            "p(95)": 4726.045999999999
        },
        "http_req_receiving": {
            "avg": 0.04301932087227416,
            "max": 0.109964,
            "med": 0.0410105,
            "min": 0.012839,
            "p(90)": 0.0564727,
            "p(95)": 0.0608062
        },
        "http_req_sending": {
            "avg": 1.1144922819314664,
            "max": 23.132732,
            "med": 0.012825,
            "min": 0.004378,
            "p(90)": 0.028243699999999972,
            "p(95)": 19.465300549998677
        },
        "http_req_tls_handshaking": {
            "avg": 0,
            "max": 0,
            "med": 0,
            "min": 0,
            "p(90)": 0,
            "p(95)": 0
        },
        "http_req_waiting": {
            "avg": 4593.910750873823,
            "max": 4829.692372,
            "med": 4590.9282299999995,
            "min": 3910.287392,
            "p(90)": 4696.9781828,
            "p(95)": 4722.7538532
        },
        "http_reqs": {
            "count": 642,
            "rate": 10.699986235537708
        },
        "iteration_duration": {
            "avg": 4595.725630023368,
            "max": 4852.88007,
            "med": 4592.6705615,
            "min": 3915.721185,
            "p(90)": 4699.8864309,
            "p(95)": 4726.6751958
        },
        "iterations": {
            "count": 642,
            "rate": 10.699986235537708
        },
        "vus": {
            "max": 50,
            "min": 50,
            "value": 50
        },
        "vus_max": {
            "max": 50,
            "min": 50,
            "value": 50
        }
    },
    "root_group": {
        "name": "",
        "path": "",
        "id": "d41d8cd98f00b204e9800998ecf8427e",
        "groups": {},
        "checks": {}
    }
}
