{
    "metrics": {
        "data_received": {
            "count": 144704,
            "rate": 2411.7295712361797
        },
        "data_sent": {
            "count": 56848,
            "rate": 947.4651886999277
        },
        "http_req_blocked": {
            "avg": 0.020117193498452035,
            "max": 1.720387,
            "med": 0.003275,
            "min": 0.001082,
            "p(90)": 0.0037765000000000003,
            "p(95)": 0.0043765
        },
        "http_req_connecting": {
            "avg": 0.007697603715170279,
            "max": 1.055638,
            "med": 0,
            "min": 0,
            "p(90)": 0,
            "p(95)": 0
        },
        "http_req_duration": {
            "avg": 736.7125746269348,
            "max": 893.902226,
            "med": 739.914211,
            "min": 306.879015,
            "p(90)": 792.9096855,
            "p(95)": 809.755482
        },
        "http_req_receiving": {
            "avg": 0.046002128482972145,
            "max": 0.119208,
            "med": 0.0445215,
            "min": 0.013421,
            "p(90)": 0.0566475,
            "p(95)": 0.06241025
        },
        "http_req_sending": {
            "avg": 0.015059876160990719,
            "max": 0.128534,
            "med": 0.013883,
            "min": 0.00485,
            "p(90)": 0.0161855,
            "p(95)": 0.021399500000000002
        },
        "http_req_tls_handshaking": {
            "avg": 0,
            "max": 0,
            "med": 0,
            "min": 0,
            "p(90)": 0,
            "p(95)": 0
        },
        "http_req_waiting": {
            "avg": 736.6515126222913,
            "max": 893.845734,
            "med": 739.8501229999999,
            "min": 306.822384,
            "p(90)": 792.8569265,
            "p(95)": 809.673454
        },
        "http_reqs": {
            "count": 646,
            "rate": 10.766649871590086
        },
        "iteration_duration": {
            "avg": 736.811936634675,
            "max": 893.978616,
            "med": 739.999759,
            "min": 306.967478,
            "p(90)": 792.9785755,
            "p(95)": 809.8385577500001
        },
        "iterations": {
            "count": 646,
            "rate": 10.766649871590086
        },
        "vus": {
            "max": 8,
            "min": 8,
            "value": 8
        },
        "vus_max": {
            "max": 8,
            "min": 8,
            "value": 8
        }
    },
    "root_group": {
        "name": "",
        "path": "",
        "id": "d41d8cd98f00b204e9800998ecf8427e",
        "groups": {},
        "checks": {}
    }
}
