{
    "metrics": {
        "data_received": {
            "count": 134400,
            "rate": 2239.9965368906874
        },
        "data_sent": {
            "count": 52800,
            "rate": 879.99863949277
        },
        "http_req_blocked": {
            "avg": 3.505619376666664,
            "max": 24.012325,
            "med": 0.0031385,
            "min": 0.000945,
            "p(90)": 20.7188895,
            "p(95)": 21.982722199999998
        },
        "http_req_connecting": {
            "avg": 1.8029341033333337,
            "max": 18.425986,
            "med": 0,
            "min": 0,
            "p(90)": 7.767153200000002,
            "p(95)": 13.611178899999997
        },
        "http_req_duration": {
            "avg": 9223.680524393347,
            "max": 9954.352089,
            "med": 9230.2958495,
            "min": 8187.331417,
            "p(90)": 9397.2595751,
            "p(95)": 9441.764919799998
        },
        "http_req_receiving": {
            "avg": 0.04571122833333331,
            "max": 0.085487,
            "med": 0.043774,
            "min": 0.014446,
            "p(90)": 0.059547100000000006,
            "p(95)": 0.0647658
        },
        "http_req_sending": {
            "avg": 0.1871876199999999,
            "max": 1.380063,
            "med": 0.013296,
            "min": 0.004696,
            "p(90)": 0.9883453000000001,
            "p(95)": 1.1526160999999997
        },
        "http_req_tls_handshaking": {
            "avg": 0,
            "max": 0,
            "med": 0,
            "min": 0,
            "p(90)": 0,
            "p(95)": 0
        },
        "http_req_waiting": {
            "avg": 9223.447625544997,
            "max": 9953.348929,
            "med": 9230.2486935,
            "min": 8186.257477,
            "p(90)": 9397.1928504,
            "p(95)": 9441.671978449998
        },
        "http_reqs": {
            "count": 600,
            "rate": 9.999984539690569
        },
        "iteration_duration": {
            "avg": 9227.278663183331,
            "max": 9978.085419,
            "med": 9230.6114015,
            "min": 8205.327568,
            "p(90)": 9399.9099617,
            "p(95)": 9452.4993379
        },
        "iterations": {
            "count": 600,
            "rate": 9.999984539690569
        },
        "vus": {
            "max": 100,
            "min": 100,
            "value": 100
        },
        "vus_max": {
            "max": 100,
            "min": 100,
            "value": 100
        }
    },
    "root_group": {
        "name": "",
        "path": "",
        "id": "d41d8cd98f00b204e9800998ecf8427e",
        "groups": {},
        "checks": {}
    }
}
