{
    "metrics": {
        "data_received": {
            "count": 113792,
            "rate": 1896.530611400991
        },
        "data_sent": {
            "count": 44704,
            "rate": 745.0655973361036
        },
        "http_req_blocked": {
            "avg": 12.406860013779518,
            "max": 73.785844,
            "med": 0.0036925,
            "min": 0.002067,
            "p(90)": 67.9798965,
            "p(95)": 70.86945999999999
        },
        "http_req_connecting": {
            "avg": 6.660308537401575,
            "max": 47.119758,
            "med": 0,
            "min": 0,
            "p(90)": 30.620887600000003,
            "p(95)": 45.2677992
        },
        "http_req_duration": {
            "avg": 10790.911828641732,
            "max": 13878.277718,
            "med": 10905.218866,
            "min": 6212.143903,
            "p(90)": 12292.521838999999,
            "p(95)": 12685.55013575
        },
        "http_req_receiving": {
            "avg": 0.06439638976377948,
            "max": 0.09882,
            "med": 0.06560450000000001,
            "min": 0.028353,
            "p(90)": 0.0763849,
            "p(95)": 0.08043584999999999
        },
        "http_req_sending": {
            "avg": 1.9216952755905523,
            "max": 19.864518,
            "med": 0.0173155,
            "min": 0.009718,
            "p(90)": 2.8833369,
            "p(95)": 18.9338711
        },
        "http_req_tls_handshaking": {
            "avg": 0,
            "max": 0,
            "med": 0,
            "min": 0,
            "p(90)": 0,
            "p(95)": 0
        },
        "http_req_waiting": {
            "avg": 10788.925736976387,
            "max": 13878.196802,
            "med": 10904.330806,
            "min": 6212.060601,
            "p(90)": 12291.3787034,
            "p(95)": 12684.179566249999
        },
        "http_reqs": {
            "count": 508,
            "rate": 8.466654515182995
        },
        "iteration_duration": {
            "avg": 10803.433164047245,
            "max": 13878.391629,
            "med": 10920.8109195,
            "min": 6212.257163,
            "p(90)": 12328.4636214,
            "p(95)": 12693.739481999999
        },
        "iterations": {
            "count": 508,
            "rate": 8.466654515182995
        },
        "vus": {
            "max": 100,
            "min": 100,
            "value": 100
        },
        "vus_max": {
            "max": 100,
            "min": 100,
            "value": 100
        }
    },
    "root_group": {
        "name": "",
        "path": "",
        "id": "d41d8cd98f00b204e9800998ecf8427e",
        "groups": {},
        "checks": {}
    }
}
