{
    "metrics": {
        "data_received": {
            "count": 95200,
            "rate": 1586.6644708023723
        },
        "data_sent": {
            "count": 37400,
            "rate": 623.3324706723605
        },
        "http_req_blocked": {
            "avg": 17.088414167058822,
            "max": 41.06589,
            "med": 0.006499,
            "min": 0.00184,
            "p(90)": 38.407009200000005,
            "p(95)": 39.369263999999994
        },
        "http_req_connecting": {
            "avg": 7.389428722352939,
            "max": 25.958593,
            "med": 0,
            "min": 0,
            "p(90)": 23.109930000000002,
            "p(95)": 24.440788399999995
        },
        "http_req_duration": {
            "avg": 21184.611215291767,
            "max": 26657.111387,
            "med": 21152.246477,
            "min": 15877.978161,
            "p(90)": 23626.8670528,
            "p(95)": 24191.413759399995
        },
        "http_req_receiving": {
            "avg": 0.06441148941176467,
            "max": 0.106147,
            "med": 0.063616,
            "min": 0.030351,
            "p(90)": 0.08361700000000001,
            "p(95)": 0.08889779999999999
        },
        "http_req_sending": {
            "avg": 1.6308185176470593,
            "max": 5.623919,
            "med": 0.02361,
            "min": 0.008777,
            "p(90)": 4.483084400000001,
            "p(95)": 5.010572999999999
        },
        "http_req_tls_handshaking": {
            "avg": 0,
            "max": 0,
            "med": 0,
            "min": 0,
            "p(90)": 0,
            "p(95)": 0
        },
        "http_req_waiting": {
            "avg": 21182.91598528471,
            "max": 26657.023564,
            "med": 21150.274099,
            "min": 15877.896599,
            "p(90)": 23625.389590000002,
            "p(95)": 24191.332366199993
        },
        "http_reqs": {
            "count": 425,
            "rate": 7.083323530367733
        },
        "iteration_duration": {
            "avg": 21201.820097150598,
            "max": 26657.217688,
            "med": 21185.355904,
            "min": 15878.076253,
            "p(90)": 23648.110978,
            "p(95)": 24191.534639399993
        },
        "iterations": {
            "count": 425,
            "rate": 7.083323530367733
        },
        "vus": {
            "max": 200,
            "min": 200,
            "value": 200
        },
        "vus_max": {
            "max": 200,
            "min": 200,
            "value": 200
        }
    },
    "root_group": {
        "name": "",
        "path": "",
        "id": "d41d8cd98f00b204e9800998ecf8427e",
        "groups": {},
        "checks": {}
    }
}
