{
    "metrics": {
        "data_received": {
            "count": 128556,
            "rate": 2142.5969559053747
        },
        "data_sent": {
            "count": 50512,
            "rate": 841.8654705862994
        },
        "http_req_blocked": {
            "avg": 0.16994681707317058,
            "max": 57.16418,
            "med": 0.0034305000000000004,
            "min": 0.001705,
            "p(90)": 0.0040885,
            "p(95)": 0.00451745
        },
        "http_req_connecting": {
            "avg": 0.06984171602787456,
            "max": 20.243597,
            "med": 0,
            "min": 0,
            "p(90)": 0,
            "p(95)": 0
        },
        "http_req_duration": {
            "avg": 208.3090026515678,
            "max": 309.561278,
            "med": 208.40893,
            "min": 202.430825,
            "p(90)": 210.723186,
            "p(95)": 213.4000804
        },
        "http_req_receiving": {
            "avg": 0.06329285365853654,
            "max": 1.394552,
            "med": 0.0608055,
            "min": 0.028758,
            "p(90)": 0.0706068,
            "p(95)": 0.0738771
        },
        "http_req_sending": {
            "avg": 0.05043697735191631,
            "max": 19.10105,
            "med": 0.016299,
            "min": 0.009059,
            "p(90)": 0.018356700000000004,
            "p(95)": 0.030420700000000016
        },
        "http_req_tls_handshaking": {
            "avg": 0,
            "max": 0,
            "med": 0,
            "min": 0,
            "p(90)": 0,
            "p(95)": 0
        },
        "http_req_waiting": {
            "avg": 208.19527282055734,
            "max": 309.461675,
            "med": 208.3064785,
            "min": 202.35082,
            "p(90)": 210.6383487,
            "p(95)": 213.00639935
        },
        "http_reqs": {
            "count": 574,
            "rate": 9.56665307484431
        },
        "iteration_duration": {
            "avg": 208.573901914634,
            "max": 309.673577,
            "med": 208.517922,
            "min": 202.538598,
            "p(90)": 210.8653328,
            "p(95)": 213.7971457
        },
        "iterations": {
            "count": 574,
            "rate": 9.56665307484431
        },
        "vus": {
            "max": 2,
            "min": 2,
            "value": 2
        },
        "vus_max": {
            "max": 2,
            "min": 2,
            "value": 2
        }
    },
    "root_group": {
        "name": "",
        "path": "",
        "id": "d41d8cd98f00b204e9800998ecf8427e",
        "groups": {},
        "checks": {}
    }
}
