{
    "metrics": {
        "data_received": {
            "count": 128576,
            "rate": 2142.9302051909663
        },
        "data_sent": {
            "count": 50512,
            "rate": 841.8654377535938
        },
        "http_req_blocked": {
            "avg": 0.019877245644599265,
            "max": 1.80283,
            "med": 0.0037035,
            "min": 0.001754,
            "p(90)": 0.004626100000000001,
            "p(95)": 0.007429500000000008
        },
        "http_req_connecting": {
            "avg": 0.005754745644599303,
            "max": 0.789408,
            "med": 0,
            "min": 0,
            "p(90)": 0,
            "p(95)": 0
        },
        "http_req_duration": {
            "avg": 830.439472839722,
            "max": 1055.947726,
            "med": 835.3854435000001,
            "min": 413.650727,
            "p(90)": 923.6535492000002,
            "p(95)": 949.9654366000001
        },
        "http_req_receiving": {
            "avg": 0.06548934668989546,
            "max": 0.115986,
            "med": 0.0641965,
            "min": 0.025246,
            "p(90)": 0.0790774,
            "p(95)": 0.08613635
        },
        "http_req_sending": {
            "avg": 0.021699700348432032,
            "max": 0.329442,
            "med": 0.016926999999999998,
            "min": 0.008682,
            "p(90)": 0.029748700000000045,
            "p(95)": 0.0408965
        },
        "http_req_tls_handshaking": {
            "avg": 0,
            "max": 0,
            "med": 0,
            "min": 0,
            "p(90)": 0,
            "p(95)": 0
        },
        "http_req_waiting": {
            "avg": 830.3522837926834,
            "max": 1055.869339,
            "med": 835.3086410000001,
            "min": 413.573981,
            "p(90)": 923.5767881,
            "p(95)": 949.8900232000001
        },
        "http_reqs": {
            "count": 574,
            "rate": 9.566652701745385
        },
        "iteration_duration": {
            "avg": 830.5695704564458,
            "max": 1056.067548,
            "med": 835.4806345,
            "min": 413.758005,
            "p(90)": 923.7585843,
            "p(95)": 950.0658439
        },
        "iterations": {
            "count": 574,
            "rate": 9.566652701745385
        },
        "vus": {
            "max": 8,
            "min": 8,
            "value": 8
        },
        "vus_max": {
            "max": 8,
            "min": 8,
            "value": 8
        }
    },
    "root_group": {
        "name": "",
        "path": "",
        "id": "d41d8cd98f00b204e9800998ecf8427e",
        "groups": {},
        "checks": {}
    }
}
