{
    "metrics": {
        "data_received": {
            "count": 275704,
            "rate": 4595.059107871019
        },
        "data_sent": {
            "count": 108328,
            "rate": 1805.4636967089766
        },
        "http_req_blocked": {
            "avg": 0.01620567343623066,
            "max": 2.135699,
            "med": 0.003091,
            "min": 0.000919,
            "p(90)": 0.003582,
            "p(95)": 0.006436000000000001
        },
        "http_req_connecting": {
            "avg": 0.007954683184402924,
            "max": 1.515271,
            "med": 0,
            "min": 0,
            "p(90)": 0,
            "p(95)": 0
        },
        "http_req_duration": {
            "avg": 388.36859384159135,
            "max": 635.936987,
            "med": 390.076667,
            "min": 188.416353,
            "p(90)": 548.410356,
            "p(95)": 577.9096095
        },
        "http_req_receiving": {
            "avg": 0.04492186921202281,
            "max": 0.267901,
            "med": 0.042204,
            "min": 0.012305,
            "p(90)": 0.057822,
            "p(95)": 0.062959
        },
        "http_req_sending": {
            "avg": 0.014251164906580004,
            "max": 0.272099,
            "med": 0.013333,
            "min": 0.004133,
            "p(90)": 0.016228,
            "p(95)": 0.0223345
        },
        "http_req_tls_handshaking": {
            "avg": 0,
            "max": 0,
            "med": 0,
            "min": 0,
            "p(90)": 0,
            "p(95)": 0
        },
        "http_req_waiting": {
            "avg": 388.30942080747457,
            "max": 635.87968,
            "med": 390.017707,
            "min": 188.360109,
            "p(90)": 548.354633,
            "p(95)": 577.8598354999999
        },
        "http_reqs": {
            "count": 1231,
            "rate": 20.51663291714746
        },
        "iteration_duration": {
            "avg": 388.4609180869212,
            "max": 636.02687,
            "med": 390.149877,
            "min": 188.528724,
            "p(90)": 548.481197,
            "p(95)": 577.9942980000001
        },
        "iterations": {
            "count": 1231,
            "rate": 20.51663291714746
        },
        "vus": {
            "max": 8,
            "min": 8,
            "value": 8
        },
        "vus_max": {
            "max": 8,
            "min": 8,
            "value": 8
        }
    },
    "root_group": {
        "name": "",
        "path": "",
        "id": "d41d8cd98f00b204e9800998ecf8427e",
        "groups": {},
        "checks": {}
    }
}
