{
    "metrics": {
        "data_received": {
            "count": 75697,
            "rate": 1261.614991073743
        },
        "data_sent": {
            "count": 29744,
            "rate": 495.73267493424333
        },
        "http_req_blocked": {
            "avg": 0.0073733698224852096,
            "max": 0.740204,
            "med": 0.003281,
            "min": 0.001117,
            "p(90)": 0.0036958,
            "p(95)": 0.004037049999999999
        },
        "http_req_connecting": {
            "avg": 0.0020991804733727806,
            "max": 0.310683,
            "med": 0,
            "min": 0,
            "p(90)": 0,
            "p(95)": 0
        },
        "http_req_duration": {
            "avg": 176.9429969852072,
            "max": 184.084421,
            "med": 176.7476815,
            "min": 176.185868,
            "p(90)": 177.5649942,
            "p(95)": 177.9970717
        },
        "http_req_receiving": {
            "avg": 0.04781271893491128,
            "max": 0.160286,
            "med": 0.044148,
            "min": 0.01673,
            "p(90)": 0.0616552,
            "p(95)": 0.06690489999999998
        },
        "http_req_sending": {
            "avg": 0.014267875739644975,
            "max": 0.070414,
            "med": 0.014165,
            "min": 0.005183,
            "p(90)": 0.0154204,
            "p(95)": 0.019133749999999998
        },
        "http_req_tls_handshaking": {
            "avg": 0,
            "max": 0,
            "med": 0,
            "min": 0,
            "p(90)": 0,
            "p(95)": 0
        },
        "http_req_waiting": {
            "avg": 176.8809163905325,
            "max": 184.013364,
            "med": 176.6863325,
            "min": 176.129723,
            "p(90)": 177.5076262,
            "p(95)": 177.9271844
        },
        "http_reqs": {
            "count": 338,
            "rate": 5.633325851525492
        },
        "iteration_duration": {
            "avg": 177.02737890828405,
            "max": 184.192055,
            "med": 176.827865,
            "min": 176.261282,
            "p(90)": 177.6374535,
            "p(95)": 178.07550185
        },
        "iterations": {
            "count": 338,
            "rate": 5.633325851525492
        },
        "vus": {
            "max": 1,
            "min": 1,
            "value": 1
        },
        "vus_max": {
            "max": 1,
            "min": 1,
            "value": 1
        }
    },
    "root_group": {
        "name": "",
        "path": "",
        "id": "d41d8cd98f00b204e9800998ecf8427e",
        "groups": {},
        "checks": {}
    }
}
