{
    "metrics": {
        "data_received": {
            "count": 268800,
            "rate": 4479.9929960536165
        },
        "data_sent": {
            "count": 105600,
            "rate": 1759.9972484496352
        },
        "http_req_blocked": {
            "avg": 17.387519263333353,
            "max": 78.293528,
            "med": 0.0031965,
            "min": 0.000918,
            "p(90)": 70.364705,
            "p(95)": 73.7435752
        },
        "http_req_connecting": {
            "avg": 8.916998525833327,
            "max": 51.43014,
            "med": 0,
            "min": 0,
            "p(90)": 36.6103469,
            "p(95)": 41.51133004999999
        },
        "http_req_duration": {
            "avg": 19070.35638405167,
            "max": 20603.484893,
            "med": 19131.852759,
            "min": 2051.252615,
            "p(90)": 19884.5027123,
            "p(95)": 20062.55084515
        },
        "http_req_receiving": {
            "avg": 0.043944089166666686,
            "max": 0.125094,
            "med": 0.043919,
            "min": 0.0132,
            "p(90)": 0.06145270000000002,
            "p(95)": 0.06909959999999997
        },
        "http_req_sending": {
            "avg": 1.1978885458333346,
            "max": 9.743696,
            "med": 0.014265,
            "min": 0.004264,
            "p(90)": 3.048466000000001,
            "p(95)": 9.34456165
        },
        "http_req_tls_handshaking": {
            "avg": 0,
            "max": 0,
            "med": 0,
            "min": 0,
            "p(90)": 0,
            "p(95)": 0
        },
        "http_req_waiting": {
            "avg": 19069.114551416704,
            "max": 20593.979041,
            "med": 19131.8165615,
            "min": 2050.966303,
            "p(90)": 19884.448381500002,
            "p(95)": 20057.2643196
        },
        "http_reqs": {
            "count": 1200,
            "rate": 19.999968732382218
        },
        "iteration_duration": {
            "avg": 19087.832545801666,
            "max": 20659.440742,
            "med": 19137.2935885,
            "min": 2106.696278,
            "p(90)": 19895.3644659,
            "p(95)": 20127.5409065
        },
        "iterations": {
            "count": 1200,
            "rate": 19.999968732382218
        },
        "vus": {
            "max": 400,
            "min": 400,
            "value": 400
        },
        "vus_max": {
            "max": 400,
            "min": 400,
            "value": 400
        }
    },
    "root_group": {
        "name": "",
        "path": "",
        "id": "d41d8cd98f00b204e9800998ecf8427e",
        "groups": {},
        "checks": {}
    }
}
