{
    "metrics": {
        "data_received": {
            "count": 145570,
            "rate": 2426.1626567050275
        },
        "data_sent": {
            "count": 57200,
            "rate": 953.3317576666043
        },
        "http_req_blocked": {
            "avg": 0.0064535046153846075,
            "max": 0.659466,
            "med": 0.003469,
            "min": 0.000946,
            "p(90)": 0.0043163,
            "p(95)": 0.0048527
        },
        "http_req_connecting": {
            "avg": 0.0013332707692307695,
            "max": 0.248182,
            "med": 0,
            "min": 0,
            "p(90)": 0,
            "p(95)": 0
        },
        "http_req_duration": {
            "avg": 184.09133377384617,
            "max": 189.222711,
            "med": 183.92666300000002,
            "min": 182.511611,
            "p(90)": 185.1033793,
            "p(95)": 185.71292655
        },
        "http_req_receiving": {
            "avg": 0.05575684769230767,
            "max": 0.243485,
            "med": 0.058536500000000005,
            "min": 0.014178,
            "p(90)": 0.07903589999999999,
            "p(95)": 0.08875995
        },
        "http_req_sending": {
            "avg": 0.014461478461538458,
            "max": 0.069058,
            "med": 0.014203,
            "min": 0.004665,
            "p(90)": 0.017864500000000002,
            "p(95)": 0.02210194999999998
        },
        "http_req_tls_handshaking": {
            "avg": 0,
            "max": 0,
            "med": 0,
            "min": 0,
            "p(90)": 0,
            "p(95)": 0
        },
        "http_req_waiting": {
            "avg": 184.0211154476922,
            "max": 189.135478,
            "med": 183.8544165,
            "min": 182.44106,
            "p(90)": 185.0375291,
            "p(95)": 185.6637962
        },
        "http_reqs": {
            "count": 650,
            "rate": 10.833315428029595
        },
        "iteration_duration": {
            "avg": 184.1801560800001,
            "max": 189.293938,
            "med": 184.0217885,
            "min": 182.584016,
            "p(90)": 185.19671000000002,
            "p(95)": 185.80200835
        },
        "iterations": {
            "count": 650,
            "rate": 10.833315428029595
        },
        "vus": {
            "max": 2,
            "min": 2,
            "value": 2
        },
        "vus_max": {
            "max": 2,
            "min": 2,
            "value": 2
        }
    },
    "root_group": {
        "name": "",
        "path": "",
        "id": "d41d8cd98f00b204e9800998ecf8427e",
        "groups": {},
        "checks": {}
    }
}
