{
    "metrics": {
        "data_received": {
            "count": 269696,
            "rate": 4494.926513555912
        },
        "data_sent": {
            "count": 105952,
            "rate": 1765.8639874683938
        },
        "http_req_blocked": {
            "avg": 6.553640490863786,
            "max": 43.648287,
            "med": 0.0030435,
            "min": 0.000908,
            "p(90)": 39.1786839,
            "p(95)": 40.62308565
        },
        "http_req_connecting": {
            "avg": 2.806254595514949,
            "max": 30.222501,
            "med": 0,
            "min": 0,
            "p(90)": 13.588129600000002,
            "p(95)": 17.762268099999904
        },
        "http_req_duration": {
            "avg": 9520.040889496682,
            "max": 11016.376157,
            "med": 9530.6802615,
            "min": 1708.526894,
            "p(90)": 9755.7745861,
            "p(95)": 10495.718939999999
        },
        "http_req_receiving": {
            "avg": 0.04481176661129574,
            "max": 0.093772,
            "med": 0.0430735,
            "min": 0.01354,
            "p(90)": 0.0604724,
            "p(95)": 0.06481284999999999
        },
        "http_req_sending": {
            "avg": 0.36903474916943574,
            "max": 3.328499,
            "med": 0.0135265,
            "min": 0.00453,
            "p(90)": 1.9480636000000002,
            "p(95)": 2.59043375
        },
        "http_req_tls_handshaking": {
            "avg": 0,
            "max": 0,
            "med": 0,
            "min": 0,
            "p(90)": 0,
            "p(95)": 0
        },
        "http_req_waiting": {
            "avg": 9519.627042980883,
            "max": 11014.340097,
            "med": 9530.6280895,
            "min": 1706.665235,
            "p(90)": 9753.7449306,
            "p(95)": 10493.055204049999
        },
        "http_reqs": {
            "count": 1204,
            "rate": 20.06663622123175
        },
        "iteration_duration": {
            "avg": 9526.681929642838,
            "max": 11058.78667,
            "med": 9531.54751,
            "min": 1747.816566,
            "p(90)": 9762.212416800001,
            "p(95)": 10534.767088249999
        },
        "iterations": {
            "count": 1204,
            "rate": 20.06663622123175
        },
        "vus": {
            "max": 200,
            "min": 200,
            "value": 200
        },
        "vus_max": {
            "max": 200,
            "min": 200,
            "value": 200
        }
    },
    "root_group": {
        "name": "",
        "path": "",
        "id": "d41d8cd98f00b204e9800998ecf8427e",
        "groups": {},
        "checks": {}
    }
}
