{
    "metrics": {
        "data_received": {
            "count": 271936,
            "rate": 4532.259469287555
        },
        "data_sent": {
            "count": 106832,
            "rate": 1780.5305057915393
        },
        "http_req_blocked": {
            "avg": 2.006909000000001,
            "max": 54.636137,
            "med": 0.0032355,
            "min": 0.001051,
            "p(90)": 0.008401400000000002,
            "p(95)": 0.01933859999999993
        },
        "http_req_connecting": {
            "avg": 0.8067873904448107,
            "max": 20.959509,
            "med": 0,
            "min": 0,
            "p(90)": 0,
            "p(95)": 0
        },
        "http_req_duration": {
            "avg": 2426.0150238690276,
            "max": 3473.926167,
            "med": 2438.771917,
            "min": 286.429719,
            "p(90)": 2688.8341731,
            "p(95)": 2758.25589845
        },
        "http_req_receiving": {
            "avg": 0.047811518945634165,
            "max": 0.136678,
            "med": 0.0451975,
            "min": 0.014741,
            "p(90)": 0.0603807,
            "p(95)": 0.06690675
        },
        "http_req_sending": {
            "avg": 0.4618309827018121,
            "max": 11.400958,
            "med": 0.0138985,
            "min": 0.004916,
            "p(90)": 0.022961900000000007,
            "p(95)": 0.04079584999999998
        },
        "http_req_tls_handshaking": {
            "avg": 0,
            "max": 0,
            "med": 0,
            "min": 0,
            "p(90)": 0,
            "p(95)": 0
        },
        "http_req_waiting": {
            "avg": 2425.5053813673794,
            "max": 3462.821431,
            "med": 2438.263472,
            "min": 286.345075,
            "p(90)": 2688.778304,
            "p(95)": 2758.2022732
        },
        "http_reqs": {
            "count": 1214,
            "rate": 20.23330120217658
        },
        "iteration_duration": {
            "avg": 2428.1102794546955,
            "max": 3522.197115,
            "med": 2440.05113,
            "min": 286.515276,
            "p(90)": 2689.7846028,
            "p(95)": 2758.33145645
        },
        "iterations": {
            "count": 1214,
            "rate": 20.23330120217658
        },
        "vus": {
            "max": 50,
            "min": 50,
            "value": 50
        },
        "vus_max": {
            "max": 50,
            "min": 50,
            "value": 50
        }
    },
    "root_group": {
        "name": "",
        "path": "",
        "id": "d41d8cd98f00b204e9800998ecf8427e",
        "groups": {},
        "checks": {}
    }
}
