{
    "metrics": {
        "data_received": {
            "count": 266112,
            "rate": 4435.1931393475725
        },
        "data_sent": {
            "count": 104544,
            "rate": 1742.3973047436893
        },
        "http_req_blocked": {
            "avg": 1.894221787878782,
            "max": 26.015861,
            "med": 0.0031105,
            "min": 0.000946,
            "p(90)": 0.015327099999999969,
            "p(95)": 21.97012735
        },
        "http_req_connecting": {
            "avg": 0.9554771304713809,
            "max": 18.151516,
            "med": 0,
            "min": 0,
            "p(90)": 0,
            "p(95)": 5.660093199999986
        },
        "http_req_duration": {
            "avg": 4908.545669135524,
            "max": 5605.686539,
            "med": 4922.1651505,
            "min": 3291.246193,
            "p(90)": 5217.257634,
            "p(95)": 5302.6157177000005
        },
        "http_req_receiving": {
            "avg": 0.04594718350168352,
            "max": 0.09578,
            "med": 0.043012999999999996,
            "min": 0.012631,
            "p(90)": 0.058916899999999994,
            "p(95)": 0.06564929999999998
        },
        "http_req_sending": {
            "avg": 0.10049542424242418,
            "max": 1.35654,
            "med": 0.013712499999999999,
            "min": 0.004315,
            "p(90)": 0.03274779999999998,
            "p(95)": 0.9485493499999987
        },
        "http_req_tls_handshaking": {
            "avg": 0,
            "max": 0,
            "med": 0,
            "min": 0,
            "p(90)": 0,
            "p(95)": 0
        },
        "http_req_waiting": {
            "avg": 4908.399226527765,
            "max": 5605.633903,
            "med": 4922.108781,
            "min": 3290.127651,
            "p(90)": 5217.2025932999995,
            "p(95)": 5302.19425745
        },
        "http_reqs": {
            "count": 1188,
            "rate": 19.79996937208738
        },
        "iteration_duration": {
            "avg": 4910.525837403191,
            "max": 5605.757867,
            "med": 4922.810662,
            "min": 3311.839378,
            "p(90)": 5222.720104,
            "p(95)": 5305.5941095
        },
        "iterations": {
            "count": 1188,
            "rate": 19.79996937208738
        },
        "vus": {
            "max": 100,
            "min": 100,
            "value": 100
        },
        "vus_max": {
            "max": 100,
            "min": 100,
            "value": 100
        }
    },
    "root_group": {
        "name": "",
        "path": "",
        "id": "d41d8cd98f00b204e9800998ecf8427e",
        "groups": {},
        "checks": {}
    }
}
