{
    "metrics": {
        "data_received": {
            "count": 564808,
            "rate": 9413.451727832557
        },
        "data_sent": {
            "count": 221936,
            "rate": 3698.9274632587467
        },
        "http_req_blocked": {
            "avg": 0.010420623711340208,
            "max": 2.069029,
            "med": 0.002938,
            "min": 0.0009,
            "p(90)": 0.0033538000000000005,
            "p(95)": 0.003907749999999995
        },
        "http_req_connecting": {
            "avg": 0.002278869944488501,
            "max": 0.752121,
            "med": 0,
            "min": 0,
            "p(90)": 0,
            "p(95)": 0
        },
        "http_req_duration": {
            "avg": 189.79970224226827,
            "max": 328.936672,
            "med": 190.34624200000002,
            "min": 184.139888,
            "p(90)": 190.6854577,
            "p(95)": 190.95719400000002
        },
        "http_req_receiving": {
            "avg": 0.04228958842188732,
            "max": 0.404269,
            "med": 0.039267,
            "min": 0.010886,
            "p(90)": 0.0549549,
            "p(95)": 0.06053454999999999
        },
        "http_req_sending": {
            "avg": 0.013636145915939717,
            "max": 0.316922,
            "med": 0.0125555,
            "min": 0.003629,
            "p(90)": 0.0169025,
            "p(95)": 0.02276885
        },
        "http_req_tls_handshaking": {
            "avg": 0,
            "max": 0,
            "med": 0,
            "min": 0,
            "p(90)": 0,
            "p(95)": 0
        },
        "http_req_waiting": {
            "avg": 189.7437765079301,
            "max": 328.89236,
            "med": 190.29163649999998,
            "min": 184.082659,
            "p(90)": 190.6331535,
            "p(95)": 190.90653930000002
        },
        "http_reqs": {
            "count": 2522,
            "rate": 42.03326662794031
        },
        "iteration_duration": {
            "avg": 189.88399627200587,
            "max": 328.996911,
            "med": 190.425452,
            "min": 184.188463,
            "p(90)": 190.769717,
            "p(95)": 191.02928985
        },
        "iterations": {
            "count": 2522,
            "rate": 42.03326662794031
        },
        "vus": {
            "max": 8,
            "min": 8,
            "value": 8
        },
        "vus_max": {
            "max": 8,
            "min": 8,
            "value": 8
        }
    },
    "root_group": {
        "name": "",
        "path": "",
        "id": "d41d8cd98f00b204e9800998ecf8427e",
        "groups": {},
        "checks": {}
    }
}
