{
    "metrics": {
        "data_received": {
            "count": 144226,
            "rate": 2403.7629343840213
        },
        "data_sent": {
            "count": 56672,
            "rate": 944.5318667744459
        },
        "http_req_blocked": {
            "avg": 0.0109613400621118,
            "max": 2.14834,
            "med": 0.0030605,
            "min": 0.000939,
            "p(90)": 0.0042428000000000006,
            "p(95)": 0.005291200000000015
        },
        "http_req_connecting": {
            "avg": 0.0011398524844720497,
            "max": 0.218554,
            "med": 0,
            "min": 0,
            "p(90)": 0,
            "p(95)": 0
        },
        "http_req_duration": {
            "avg": 186.01932331055892,
            "max": 190.572487,
            "med": 185.9574585,
            "min": 183.734952,
            "p(90)": 186.776884,
            "p(95)": 187.06376955
        },
        "http_req_receiving": {
            "avg": 0.05016043633540379,
            "max": 0.173752,
            "med": 0.057251,
            "min": 0.013204,
            "p(90)": 0.07204980000000002,
            "p(95)": 0.08193535000000002
        },
        "http_req_sending": {
            "avg": 0.01365081987577639,
            "max": 0.088399,
            "med": 0.013451999999999999,
            "min": 0.004604,
            "p(90)": 0.0183115,
            "p(95)": 0.0229407
        },
        "http_req_tls_handshaking": {
            "avg": 0,
            "max": 0,
            "med": 0,
            "min": 0,
            "p(90)": 0,
            "p(95)": 0
        },
        "http_req_waiting": {
            "avg": 185.95551205434793,
            "max": 190.55236,
            "med": 185.886983,
            "min": 183.658927,
            "p(90)": 186.7036372,
            "p(95)": 187.0166801
        },
        "http_reqs": {
            "count": 644,
            "rate": 10.733316667891431
        },
        "iteration_duration": {
            "avg": 186.10852581832307,
            "max": 190.601911,
            "med": 186.0345955,
            "min": 183.829983,
            "p(90)": 186.8879927,
            "p(95)": 187.17329039999998
        },
        "iterations": {
            "count": 644,
            "rate": 10.733316667891431
        },
        "vus": {
            "max": 2,
            "min": 2,
            "value": 2
        },
        "vus_max": {
            "max": 2,
            "min": 2,
            "value": 2
        }
    },
    "root_group": {
        "name": "",
        "path": "",
        "id": "d41d8cd98f00b204e9800998ecf8427e",
        "groups": {},
        "checks": {}
    }
}
