{
    "metrics": {
        "data_received": {
            "count": 538720,
            "rate": 8978.652652785606
        },
        "data_sent": {
            "count": 211640,
            "rate": 3527.32782788006
        },
        "http_req_blocked": {
            "avg": 2.503597397089392,
            "max": 39.863996,
            "med": 0.003151,
            "min": 0.000893,
            "p(90)": 0.013796,
            "p(95)": 27.598638199999996
        },
        "http_req_connecting": {
            "avg": 1.0450750598752594,
            "max": 21.771451,
            "med": 0,
            "min": 0,
            "p(90)": 0,
            "p(95)": 11.069270199999988
        },
        "http_req_duration": {
            "avg": 4747.253295731802,
            "max": 10505.641321,
            "med": 4817.417222,
            "min": 215.504972,
            "p(90)": 6976.839069,
            "p(95)": 7598.355364399996
        },
        "http_req_receiving": {
            "avg": 0.052233222037422,
            "max": 0.114083,
            "med": 0.049352,
            "min": 0.011179,
            "p(90)": 0.0708402,
            "p(95)": 0.07688459999999998
        },
        "http_req_sending": {
            "avg": 0.17636275384615357,
            "max": 3.103692,
            "med": 0.014459,
            "min": 0.003518,
            "p(90)": 0.03396379999999999,
            "p(95)": 1.7436695999999994
        },
        "http_req_tls_handshaking": {
            "avg": 0,
            "max": 0,
            "med": 0,
            "min": 0,
            "p(90)": 0,
            "p(95)": 0
        },
        "http_req_waiting": {
            "avg": 4747.024699755918,
            "max": 10505.579754,
            "med": 4817.339181,
            "min": 215.445485,
            "p(90)": 6976.7691194,
            "p(95)": 7598.302781399995
        },
        "http_reqs": {
            "count": 2405,
            "rate": 40.08327077136432
        },
        "iteration_duration": {
            "avg": 4749.849931334296,
            "max": 10505.731981,
            "med": 4820.807662,
            "min": 215.574256,
            "p(90)": 6977.5810444,
            "p(95)": 7598.418415799996
        },
        "iterations": {
            "count": 2405,
            "rate": 40.08327077136432
        },
        "vus": {
            "max": 200,
            "min": 200,
            "value": 200
        },
        "vus_max": {
            "max": 200,
            "min": 200,
            "value": 200
        }
    },
    "root_group": {
        "name": "",
        "path": "",
        "id": "d41d8cd98f00b204e9800998ecf8427e",
        "groups": {},
        "checks": {}
    }
}
