{
    "metrics": {
        "data_received": {
            "count": 74801,
            "rate": 1246.681430024794
        },
        "data_sent": {
            "count": 29392,
            "rate": 489.86591878836845
        },
        "http_req_blocked": {
            "avg": 0.006788107784431136,
            "max": 0.522168,
            "med": 0.003302,
            "min": 0.001147,
            "p(90)": 0.0037904,
            "p(95)": 0.004161699999999997
        },
        "http_req_connecting": {
            "avg": 0.0016244191616766465,
            "max": 0.161372,
            "med": 0,
            "min": 0,
            "p(90)": 0,
            "p(95)": 0
        },
        "http_req_duration": {
            "avg": 179.21207785029938,
            "max": 187.145023,
            "med": 178.9640785,
            "min": 178.370826,
            "p(90)": 179.8929061,
            "p(95)": 180.5224101
        },
        "http_req_receiving": {
            "avg": 0.05251906886227545,
            "max": 0.132227,
            "med": 0.049267500000000006,
            "min": 0.017627,
            "p(90)": 0.0671182,
            "p(95)": 0.07047099999999998
        },
        "http_req_sending": {
            "avg": 0.01472959281437125,
            "max": 0.067999,
            "med": 0.01463,
            "min": 0.005399,
            "p(90)": 0.0170155,
            "p(95)": 0.02775574999999999
        },
        "http_req_tls_handshaking": {
            "avg": 0,
            "max": 0,
            "med": 0,
            "min": 0,
            "p(90)": 0,
            "p(95)": 0
        },
        "http_req_waiting": {
            "avg": 179.14482918862282,
            "max": 187.060339,
            "med": 178.89723,
            "min": 178.318645,
            "p(90)": 179.8302842,
            "p(95)": 180.44697355
        },
        "http_reqs": {
            "count": 334,
            "rate": 5.566658168049642
        },
        "iteration_duration": {
            "avg": 179.29916187125758,
            "max": 187.234853,
            "med": 179.04901,
            "min": 178.428671,
            "p(90)": 179.9628864,
            "p(95)": 180.60409429999999
        },
        "iterations": {
            "count": 334,
            "rate": 5.566658168049642
        },
        "vus": {
            "max": 1,
            "min": 1,
            "value": 1
        },
        "vus_max": {
            "max": 1,
            "min": 1,
            "value": 1
        }
    },
    "root_group": {
        "name": "",
        "path": "",
        "id": "d41d8cd98f00b204e9800998ecf8427e",
        "groups": {},
        "checks": {}
    }
}
