{
    "metrics": {
        "data_received": {
            "count": 514976,
            "rate": 8582.919427573373
        },
        "data_sent": {
            "count": 202312,
            "rate": 3371.8612036895397
        },
        "http_req_blocked": {
            "avg": 13.197939460635054,
            "max": 117.696862,
            "med": 0.003172,
            "min": 0.000937,
            "p(90)": 82.03294760000003,
            "p(95)": 89.0706889
        },
        "http_req_connecting": {
            "avg": 5.567129038712481,
            "max": 107.92512,
            "med": 0,
            "min": 0,
            "p(90)": 21.280785600000016,
            "p(95)": 43.48987619999999
        },
        "http_req_duration": {
            "avg": 9549.645007784675,
            "max": 17382.016763,
            "med": 9578.578306,
            "min": 730.584082,
            "p(90)": 11669.0874286,
            "p(95)": 12750.344072599999
        },
        "http_req_receiving": {
            "avg": 0.04437129882557641,
            "max": 0.108779,
            "med": 0.043966,
            "min": 0.013674,
            "p(90)": 0.0577742,
            "p(95)": 0.06236549999999997
        },
        "http_req_sending": {
            "avg": 0.7945335154414956,
            "max": 38.775745,
            "med": 0.013858,
            "min": 0.004039,
            "p(90)": 2.7939194,
            "p(95)": 3.3977656999999994
        },
        "http_req_tls_handshaking": {
            "avg": 0,
            "max": 0,
            "med": 0,
            "min": 0,
            "p(90)": 0,
            "p(95)": 0
        },
        "http_req_waiting": {
            "avg": 9548.806102970424,
            "max": 17343.293245,
            "med": 9578.518653,
            "min": 730.522122,
            "p(90)": 11663.387592000001,
            "p(95)": 12741.7264053
        },
        "http_reqs": {
            "count": 2299,
            "rate": 38.316604587381136
        },
        "iteration_duration": {
            "avg": 9562.925673987373,
            "max": 17499.296158,
            "med": 9586.528369,
            "min": 730.671177,
            "p(90)": 11728.210458000001,
            "p(95)": 12835.1225606
        },
        "iterations": {
            "count": 2299,
            "rate": 38.316604587381136
        },
        "vus": {
            "max": 400,
            "min": 400,
            "value": 400
        },
        "vus_max": {
            "max": 400,
            "min": 400,
            "value": 400
        }
    },
    "root_group": {
        "name": "",
        "path": "",
        "id": "d41d8cd98f00b204e9800998ecf8427e",
        "groups": {},
        "checks": {}
    }
}
