{
    "metrics": {
        "data_received": {
            "count": 534016,
            "rate": 8900.254614238544
        },
        "data_sent": {
            "count": 209792,
            "rate": 3496.5285984508564
        },
        "http_req_blocked": {
            "avg": 1.5266208313758354,
            "max": 39.732135,
            "med": 0.0031045,
            "min": 0.000963,
            "p(90)": 0.003859100000000001,
            "p(95)": 0.019207599999999995
        },
        "http_req_connecting": {
            "avg": 0.8177099354026843,
            "max": 31.623861,
            "med": 0,
            "min": 0,
            "p(90)": 0,
            "p(95)": 0
        },
        "http_req_duration": {
            "avg": 2460.722362704285,
            "max": 4506.790398,
            "med": 2529.793912,
            "min": 201.108483,
            "p(90)": 3158.0685491000004,
            "p(95)": 3366.5369076999996
        },
        "http_req_receiving": {
            "avg": 0.04421961703020132,
            "max": 0.174987,
            "med": 0.044941499999999995,
            "min": 0.013366,
            "p(90)": 0.058495600000000016,
            "p(95)": 0.06360305
        },
        "http_req_sending": {
            "avg": 0.06951114597315453,
            "max": 2.069736,
            "med": 0.0136055,
            "min": 0.004537,
            "p(90)": 0.021677600000000005,
            "p(95)": 0.03562384999999999
        },
        "http_req_tls_handshaking": {
            "avg": 0,
            "max": 0,
            "med": 0,
            "min": 0,
            "p(90)": 0,
            "p(95)": 0
        },
        "http_req_waiting": {
            "avg": 2460.6086319412752,
            "max": 4506.738929,
            "med": 2529.733542,
            "min": 201.047557,
            "p(90)": 3157.9954178000007,
            "p(95)": 3366.4623184999996
        },
        "http_reqs": {
            "count": 2384,
            "rate": 39.73327952785064
        },
        "iteration_duration": {
            "avg": 2462.3249384643464,
            "max": 4506.856761,
            "med": 2530.1452074999997,
            "min": 201.184968,
            "p(90)": 3159.8405015000003,
            "p(95)": 3366.61585445
        },
        "iterations": {
            "count": 2384,
            "rate": 39.73327952785064
        },
        "vus": {
            "max": 100,
            "min": 100,
            "value": 100
        },
        "vus_max": {
            "max": 100,
            "min": 100,
            "value": 100
        }
    },
    "root_group": {
        "name": "",
        "path": "",
        "id": "d41d8cd98f00b204e9800998ecf8427e",
        "groups": {},
        "checks": {}
    }
}
