{
    "metrics": {
        "data_received": {
            "count": 554624,
            "rate": 9243.721663442857
        },
        "data_sent": {
            "count": 217888,
            "rate": 3631.462082066837
        },
        "http_req_blocked": {
            "avg": 1.5714270036348936,
            "max": 81.270344,
            "med": 0.0030625,
            "min": 0.000898,
            "p(90)": 0.0036179999999999997,
            "p(95)": 0.00698375
        },
        "http_req_connecting": {
            "avg": 0.7954938949919224,
            "max": 41.149075,
            "med": 0,
            "min": 0,
            "p(90)": 0,
            "p(95)": 0
        },
        "http_req_duration": {
            "avg": 1196.7220916518559,
            "max": 2256.501153,
            "med": 1216.0029505,
            "min": 191.902852,
            "p(90)": 1534.926632,
            "p(95)": 1620.2689295
        },
        "http_req_receiving": {
            "avg": 0.04307023465266557,
            "max": 0.557119,
            "med": 0.0413885,
            "min": 0.011661,
            "p(90)": 0.0551035,
            "p(95)": 0.05919
        },
        "http_req_sending": {
            "avg": 0.376339464458805,
            "max": 38.291517,
            "med": 0.013074,
            "min": 0.004191,
            "p(90)": 0.017279,
            "p(95)": 0.02504775
        },
        "http_req_tls_handshaking": {
            "avg": 0,
            "max": 0,
            "med": 0,
            "min": 0,
            "p(90)": 0,
            "p(95)": 0
        },
        "http_req_waiting": {
            "avg": 1196.3026819527483,
            "max": 2238.655531,
            "med": 1215.9510325,
            "min": 191.843499,
            "p(90)": 1534.871036,
            "p(95)": 1619.476457
        },
        "http_reqs": {
            "count": 2476,
            "rate": 41.26661456894133
        },
        "iteration_duration": {
            "avg": 1198.3687334721326,
            "max": 2336.308279,
            "med": 1216.5080185000002,
            "min": 191.986674,
            "p(90)": 1534.995104,
            "p(95)": 1622.3255880000002
        },
        "iterations": {
            "count": 2476,
            "rate": 41.26661456894133
        },
        "vus": {
            "max": 50,
            "min": 50,
            "value": 50
        },
        "vus_max": {
            "max": 50,
            "min": 50,
            "value": 50
        }
    },
    "root_group": {
        "name": "",
        "path": "",
        "id": "d41d8cd98f00b204e9800998ecf8427e",
        "groups": {},
        "checks": {}
    }
}
