{
    "metrics": {
        "data_received": {
            "count": 75249,
            "rate": 1254.1480789795824
        },
        "data_sent": {
            "count": 29568,
            "rate": 492.79924516296956
        },
        "http_req_blocked": {
            "avg": 0.007001235119047614,
            "max": 0.681218,
            "med": 0.003337,
            "min": 0.001129,
            "p(90)": 0.003929,
            "p(95)": 0.0067382499999999994
        },
        "http_req_connecting": {
            "avg": 0.001359309523809524,
            "max": 0.169628,
            "med": 0,
            "min": 0,
            "p(90)": 0,
            "p(95)": 0
        },
        "http_req_duration": {
            "avg": 178.229720672619,
            "max": 187.138856,
            "med": 177.99984999999998,
            "min": 176.076768,
            "p(90)": 179.98263200000002,
            "p(95)": 180.4858515
        },
        "http_req_receiving": {
            "avg": 0.04894152380952378,
            "max": 0.134261,
            "med": 0.045306,
            "min": 0.015922,
            "p(90)": 0.063348,
            "p(95)": 0.07072575
        },
        "http_req_sending": {
            "avg": 0.014303389880952392,
            "max": 0.041366,
            "med": 0.0143455,
            "min": 0.005302,
            "p(90)": 0.0180805,
            "p(95)": 0.02663225
        },
        "http_req_tls_handshaking": {
            "avg": 0,
            "max": 0,
            "med": 0,
            "min": 0,
            "p(90)": 0,
            "p(95)": 0
        },
        "http_req_waiting": {
            "avg": 178.16647575892858,
            "max": 187.073923,
            "med": 177.9298675,
            "min": 176.019526,
            "p(90)": 179.92468100000002,
            "p(95)": 180.40464075
        },
        "http_reqs": {
            "count": 336,
            "rate": 5.599991422306472
        },
        "iteration_duration": {
            "avg": 178.32403198809524,
            "max": 187.219537,
            "med": 178.07519,
            "min": 176.124391,
            "p(90)": 180.065718,
            "p(95)": 180.57644575
        },
        "iterations": {
            "count": 336,
            "rate": 5.599991422306472
        },
        "vus": {
            "max": 1,
            "min": 1,
            "value": 1
        },
        "vus_max": {
            "max": 1,
            "min": 1,
            "value": 1
        }
    },
    "root_group": {
        "name": "",
        "path": "",
        "id": "d41d8cd98f00b204e9800998ecf8427e",
        "groups": {},
        "checks": {}
    }
}
