{
    "metrics": {
        "data_received": {
            "count": 145570,
            "rate": 2426.1632807131923
        },
        "data_sent": {
            "count": 57200,
            "rate": 953.3320028631902
        },
        "http_req_blocked": {
            "avg": 0.006242524615384616,
            "max": 0.570251,
            "med": 0.0031390000000000003,
            "min": 0.000997,
            "p(90)": 0.0035232,
            "p(95)": 0.003782849999999999
        },
        "http_req_connecting": {
            "avg": 0.00149438,
            "max": 0.221883,
            "med": 0,
            "min": 0,
            "p(90)": 0,
            "p(95)": 0
        },
        "http_req_duration": {
            "avg": 184.37482519692287,
            "max": 191.903681,
            "med": 184.317141,
            "min": 181.978389,
            "p(90)": 185.3369015,
            "p(95)": 185.70756975
        },
        "http_req_receiving": {
            "avg": 0.04388236307692313,
            "max": 0.145104,
            "med": 0.042734,
            "min": 0.012959,
            "p(90)": 0.05477510000000001,
            "p(95)": 0.06553574999999998
        },
        "http_req_sending": {
            "avg": 0.012867103076923072,
            "max": 0.066295,
            "med": 0.0130335,
            "min": 0.004557,
            "p(90)": 0.0148257,
            "p(95)": 0.018732799999999994
        },
        "http_req_tls_handshaking": {
            "avg": 0,
            "max": 0,
            "med": 0,
            "min": 0,
            "p(90)": 0,
            "p(95)": 0
        },
        "http_req_waiting": {
            "avg": 184.3180757307693,
            "max": 191.83666,
            "med": 184.2634895,
            "min": 181.923314,
            "p(90)": 185.2846643,
            "p(95)": 185.64912859999998
        },
        "http_reqs": {
            "count": 650,
            "rate": 10.833318214354433
        },
        "iteration_duration": {
            "avg": 184.4506292584616,
            "max": 191.984739,
            "med": 184.395744,
            "min": 182.05,
            "p(90)": 185.4251086,
            "p(95)": 185.78018185000002
        },
        "iterations": {
            "count": 650,
            "rate": 10.833318214354433
        },
        "vus": {
            "max": 2,
            "min": 2,
            "value": 2
        },
        "vus_max": {
            "max": 2,
            "min": 2,
            "value": 2
        }
    },
    "root_group": {
        "name": "",
        "path": "",
        "id": "d41d8cd98f00b204e9800998ecf8427e",
        "groups": {},
        "checks": {}
    }
}
