{
    "metrics": {
        "data_received": {
            "count": 1051904,
            "rate": 17531.720055392954
        },
        "data_sent": {
            "count": 413248,
            "rate": 6887.461450332946
        },
        "http_req_blocked": {
            "avg": 15.251909023424279,
            "max": 304.840374,
            "med": 0.002995,
            "min": 0.000899,
            "p(90)": 0.012788,
            "p(95)": 151.50095025000002
        },
        "http_req_connecting": {
            "avg": 6.886846522572405,
            "max": 168.659249,
            "med": 0,
            "min": 0,
            "p(90)": 0,
            "p(95)": 79.7902925
        },
        "http_req_duration": {
            "avg": 4868.094731274062,
            "max": 9268.329183,
            "med": 4917.174842,
            "min": 226.310254,
            "p(90)": 6467.183099,
            "p(95)": 6973.3254937500005
        },
        "http_req_receiving": {
            "avg": 0.04307623445485519,
            "max": 0.174477,
            "med": 0.041915,
            "min": 0.013349,
            "p(90)": 0.056633,
            "p(95)": 0.0627945
        },
        "http_req_sending": {
            "avg": 1.7150505949744437,
            "max": 70.454958,
            "med": 0.013041,
            "min": 0.004498,
            "p(90)": 0.033959,
            "p(95)": 6.242148
        },
        "http_req_tls_handshaking": {
            "avg": 0,
            "max": 0,
            "med": 0,
            "min": 0,
            "p(90)": 0,
            "p(95)": 0
        },
        "http_req_waiting": {
            "avg": 4866.336604444638,
            "max": 9248.868379,
            "med": 4917.1226875,
            "min": 226.267678,
            "p(90)": 6465.217483,
            "p(95)": 6973.27665825
        },
        "http_reqs": {
            "count": 4696,
            "rate": 78.26660739014712
        },
        "iteration_duration": {
            "avg": 4883.423107285997,
            "max": 9437.189654,
            "med": 4918.9566385,
            "min": 226.376701,
            "p(90)": 6482.363866,
            "p(95)": 7007.50657225
        },
        "iterations": {
            "count": 4696,
            "rate": 78.26660739014712
        },
        "vus": {
            "max": 400,
            "min": 400,
            "value": 400
        },
        "vus_max": {
            "max": 400,
            "min": 400,
            "value": 400
        }
    },
    "root_group": {
        "name": "",
        "path": "",
        "id": "d41d8cd98f00b204e9800998ecf8427e",
        "groups": {},
        "checks": {}
    }
}
