{
    "metrics": {
        "data_received": {
            "count": 1117177,
            "rate": 18619.590089994752
        },
        "data_sent": {
            "count": 438944,
            "rate": 7315.722891236264
        },
        "http_req_blocked": {
            "avg": 0.058805463111466956,
            "max": 25.308585,
            "med": 0.002911,
            "min": 0.000855,
            "p(90)": 0.0038146000000000005,
            "p(95)": 0.008503599999999991
        },
        "http_req_connecting": {
            "avg": 0.01560728568564554,
            "max": 2.889606,
            "med": 0,
            "min": 0,
            "p(90)": 0,
            "p(95)": 0
        },
        "http_req_duration": {
            "avg": 597.1906584655156,
            "max": 2381.242162,
            "med": 563.8718675,
            "min": 185.551044,
            "p(90)": 956.0302923,
            "p(95)": 1096.9035152
        },
        "http_req_receiving": {
            "avg": 0.04088350902165188,
            "max": 0.24926,
            "med": 0.039506,
            "min": 0.011453,
            "p(90)": 0.05523210000000001,
            "p(95)": 0.06147559999999999
        },
        "http_req_sending": {
            "avg": 0.052464163793103445,
            "max": 12.40079,
            "med": 0.012531,
            "min": 0.004098,
            "p(90)": 0.017306900000000004,
            "p(95)": 0.02444984999999998
        },
        "http_req_tls_handshaking": {
            "avg": 0,
            "max": 0,
            "med": 0,
            "min": 0,
            "p(90)": 0,
            "p(95)": 0
        },
        "http_req_waiting": {
            "avg": 597.0973107927023,
            "max": 2373.673652,
            "med": 563.815593,
            "min": 185.503075,
            "p(90)": 955.9969591,
            "p(95)": 1096.8568013
        },
        "http_reqs": {
            "count": 4988,
            "rate": 83.13321467313938
        },
        "iteration_duration": {
            "avg": 597.322435535687,
            "max": 2387.871703,
            "med": 564.1707180000001,
            "min": 185.639635,
            "p(90)": 956.0823582,
            "p(95)": 1096.9571607
        },
        "iterations": {
            "count": 4988,
            "rate": 83.13321467313938
        },
        "vus": {
            "max": 50,
            "min": 50,
            "value": 50
        },
        "vus_max": {
            "max": 50,
            "min": 50,
            "value": 50
        }
    },
    "root_group": {
        "name": "",
        "path": "",
        "id": "d41d8cd98f00b204e9800998ecf8427e",
        "groups": {},
        "checks": {}
    }
}
