{
    "metrics": {
        "data_received": {
            "count": 1105216,
            "rate": 18420.2401620901
        },
        "data_sent": {
            "count": 434192,
            "rate": 7236.522920821111
        },
        "http_req_blocked": {
            "avg": 0.6710502987434122,
            "max": 64.894636,
            "med": 0.002922,
            "min": 0.000839,
            "p(90)": 0.006486199999999998,
            "p(95)": 0.010994299999999934
        },
        "http_req_connecting": {
            "avg": 0.4258178265099311,
            "max": 58.042163,
            "med": 0,
            "min": 0,
            "p(90)": 0,
            "p(95)": 0
        },
        "http_req_duration": {
            "avg": 1199.3142519473022,
            "max": 3162.495638,
            "med": 1205.073993,
            "min": 192.122286,
            "p(90)": 1810.8867464,
            "p(95)": 1999.1661106999993
        },
        "http_req_receiving": {
            "avg": 0.04317627604377776,
            "max": 0.648598,
            "med": 0.041104,
            "min": 0.011216,
            "p(90)": 0.0568973,
            "p(95)": 0.06284524999999999
        },
        "http_req_sending": {
            "avg": 0.19050991994325042,
            "max": 25.371824,
            "med": 0.012872,
            "min": 0.003902,
            "p(90)": 0.0186146,
            "p(95)": 0.02876359999999986
        },
        "http_req_tls_handshaking": {
            "avg": 0,
            "max": 0,
            "med": 0,
            "min": 0,
            "p(90)": 0,
            "p(95)": 0
        },
        "http_req_waiting": {
            "avg": 1199.0805657513192,
            "max": 3162.411146,
            "med": 1205.0234249999999,
            "min": 192.080567,
            "p(90)": 1810.830389,
            "p(95)": 1998.6064133999998
        },
        "http_reqs": {
            "count": 4934,
            "rate": 82.2332150093308
        },
        "iteration_duration": {
            "avg": 1200.0690716276833,
            "max": 3162.578606,
            "med": 1205.1552015,
            "min": 192.188656,
            "p(90)": 1810.977016,
            "p(95)": 1999.9307832499999
        },
        "iterations": {
            "count": 4934,
            "rate": 82.2332150093308
        },
        "vus": {
            "max": 100,
            "min": 100,
            "value": 100
        },
        "vus_max": {
            "max": 100,
            "min": 100,
            "value": 100
        }
    },
    "root_group": {
        "name": "",
        "path": "",
        "id": "d41d8cd98f00b204e9800998ecf8427e",
        "groups": {},
        "checks": {}
    }
}
