{
    "metrics": {
        "data_received": {
            "count": 1099392,
            "rate": 18323.173326040433
        },
        "data_sent": {
            "count": 431904,
            "rate": 7198.389520944455
        },
        "http_req_blocked": {
            "avg": 1.626619125509376,
            "max": 51.506742,
            "med": 0.002957,
            "min": 0.000798,
            "p(90)": 0.006550600000000002,
            "p(95)": 0.01578814999999991
        },
        "http_req_connecting": {
            "avg": 0.8565060666259171,
            "max": 35.568234,
            "med": 0,
            "min": 0,
            "p(90)": 0,
            "p(95)": 0
        },
        "http_req_duration": {
            "avg": 2390.8184800902645,
            "max": 5826.697406,
            "med": 2443.18723,
            "min": 190.653412,
            "p(90)": 2875.6818338000003,
            "p(95)": 3024.2345131499997
        },
        "http_req_receiving": {
            "avg": 0.042093874286878566,
            "max": 0.248348,
            "med": 0.040381,
            "min": 0.009148,
            "p(90)": 0.055633300000000004,
            "p(95)": 0.06164424999999999
        },
        "http_req_sending": {
            "avg": 0.09751797188264076,
            "max": 3.097244,
            "med": 0.0128085,
            "min": 0.002923,
            "p(90)": 0.020861200000000007,
            "p(95)": 0.035398699999999755
        },
        "http_req_tls_handshaking": {
            "avg": 0,
            "max": 0,
            "med": 0,
            "min": 0,
            "p(90)": 0,
            "p(95)": 0
        },
        "http_req_waiting": {
            "avg": 2390.6788682440892,
            "max": 5823.842301,
            "med": 2443.1362630000003,
            "min": 190.601639,
            "p(90)": 2875.6339833,
            "p(95)": 3024.1763933499997
        },
        "http_reqs": {
            "count": 4908,
            "rate": 81.79988091982335
        },
        "iteration_duration": {
            "avg": 2392.524672498369,
            "max": 5860.307749,
            "med": 2443.2656395000004,
            "min": 190.725371,
            "p(90)": 2876.2610767,
            "p(95)": 3026.6417472999988
        },
        "iterations": {
            "count": 4908,
            "rate": 81.79988091982335
        },
        "vus": {
            "max": 200,
            "min": 200,
            "value": 200
        },
        "vus_max": {
            "max": 200,
            "min": 200,
            "value": 200
        }
    },
    "root_group": {
        "name": "",
        "path": "",
        "id": "d41d8cd98f00b204e9800998ecf8427e",
        "groups": {},
        "checks": {}
    }
}
