{
    "metrics": {
        "data_received": {
            "count": 561672,
            "rate": 9361.187912678148
        },
        "data_sent": {
            "count": 220704,
            "rate": 3678.395250394746
        },
        "http_req_blocked": {
            "avg": 0.009089253987240836,
            "max": 1.716556,
            "med": 0.002505,
            "min": 0.000775,
            "p(90)": 0.004161,
            "p(95)": 0.005728000000000001
        },
        "http_req_connecting": {
            "avg": 0.002558307017543859,
            "max": 0.737782,
            "med": 0,
            "min": 0,
            "p(90)": 0,
            "p(95)": 0
        },
        "http_req_duration": {
            "avg": 190.97196586882012,
            "max": 194.057512,
            "med": 191.735277,
            "min": 185.445961,
            "p(90)": 192.0948564,
            "p(95)": 192.20952105
        },
        "http_req_receiving": {
            "avg": 0.03983367304625205,
            "max": 0.380256,
            "med": 0.036693500000000004,
            "min": 0.008414,
            "p(90)": 0.0698195,
            "p(95)": 0.08134375
        },
        "http_req_sending": {
            "avg": 0.011526746012759145,
            "max": 0.206705,
            "med": 0.010144,
            "min": 0.003429,
            "p(90)": 0.0178652,
            "p(95)": 0.0224658
        },
        "http_req_tls_handshaking": {
            "avg": 0,
            "max": 0,
            "med": 0,
            "min": 0,
            "p(90)": 0,
            "p(95)": 0
        },
        "http_req_waiting": {
            "avg": 190.9206054497607,
            "max": 194.037776,
            "med": 191.6900495,
            "min": 185.402757,
            "p(90)": 192.0707515,
            "p(95)": 192.1787681
        },
        "http_reqs": {
            "count": 2508,
            "rate": 41.799946027213025
        },
        "iteration_duration": {
            "avg": 191.0446336208132,
            "max": 194.391103,
            "med": 191.796305,
            "min": 185.507267,
            "p(90)": 192.1440839,
            "p(95)": 192.2615801
        },
        "iterations": {
            "count": 2508,
            "rate": 41.799946027213025
        },
        "vus": {
            "max": 8,
            "min": 8,
            "value": 8
        },
        "vus_max": {
            "max": 8,
            "min": 8,
            "value": 8
        }
    },
    "root_group": {
        "name": "",
        "path": "",
        "id": "d41d8cd98f00b204e9800998ecf8427e",
        "groups": {},
        "checks": {}
    }
}
