{
    "metrics": {
        "data_received": {
            "count": 146018,
            "rate": 2433.631648367901
        },
        "data_sent": {
            "count": 57376,
            "rate": 956.2660045799606
        },
        "http_req_blocked": {
            "avg": 0.005644009202453987,
            "max": 0.652532,
            "med": 0.0031130000000000003,
            "min": 0.001015,
            "p(90)": 0.0036536,
            "p(95)": 0.0040169499999999966
        },
        "http_req_connecting": {
            "avg": 0.0011461441717791412,
            "max": 0.236555,
            "med": 0,
            "min": 0,
            "p(90)": 0,
            "p(95)": 0
        },
        "http_req_duration": {
            "avg": 183.7267664601227,
            "max": 188.388026,
            "med": 184.04499850000002,
            "min": 177.331932,
            "p(90)": 185.7648769,
            "p(95)": 186.07249765
        },
        "http_req_receiving": {
            "avg": 0.03848551073619631,
            "max": 0.128342,
            "med": 0.0414415,
            "min": 0.013847,
            "p(90)": 0.0544499,
            "p(95)": 0.06220064999999999
        },
        "http_req_sending": {
            "avg": 0.011752561349693257,
            "max": 0.090318,
            "med": 0.0130305,
            "min": 0.004622,
            "p(90)": 0.0152407,
            "p(95)": 0.020689549999999987
        },
        "http_req_tls_handshaking": {
            "avg": 0,
            "max": 0,
            "med": 0,
            "min": 0,
            "p(90)": 0,
            "p(95)": 0
        },
        "http_req_waiting": {
            "avg": 183.67652838803687,
            "max": 188.350883,
            "med": 183.99344000000002,
            "min": 177.275189,
            "p(90)": 185.710114,
            "p(95)": 186.0107123
        },
        "http_reqs": {
            "count": 652,
            "rate": 10.866659142954099
        },
        "iteration_duration": {
            "avg": 183.79450824693245,
            "max": 188.461034,
            "med": 184.127997,
            "min": 177.406598,
            "p(90)": 185.8423656,
            "p(95)": 186.1272291
        },
        "iterations": {
            "count": 652,
            "rate": 10.866659142954099
        },
        "vus": {
            "max": 2,
            "min": 2,
            "value": 2
        },
        "vus_max": {
            "max": 2,
            "min": 2,
            "value": 2
        }
    },
    "root_group": {
        "name": "",
        "path": "",
        "id": "d41d8cd98f00b204e9800998ecf8427e",
        "groups": {},
        "checks": {}
    }
}
