{
    "metrics": {
        "data_received": {
            "count": 2145920,
            "rate": 35765.30470678345
        },
        "data_sent": {
            "count": 843040,
            "rate": 14050.655420522067
        },
        "http_req_blocked": {
            "avg": 6.908150824112789,
            "max": 263.43593,
            "med": 0.00124,
            "min": 0.000916,
            "p(90)": 0.004885900000000072,
            "p(95)": 0.014621349999999995
        },
        "http_req_connecting": {
            "avg": 3.4299493558455114,
            "max": 151.625409,
            "med": 0,
            "min": 0,
            "p(90)": 0,
            "p(95)": 0
        },
        "http_req_duration": {
            "avg": 2423.320164375151,
            "max": 10478.368589,
            "med": 2079.8774085,
            "min": 197.845608,
            "p(90)": 4518.6517499,
            "p(95)": 5434.800454899999
        },
        "http_req_receiving": {
            "avg": 0.018824677139874662,
            "max": 0.1365,
            "med": 0.017715500000000002,
            "min": 0.010347,
            "p(90)": 0.023814,
            "p(95)": 0.027206999999999988
        },
        "http_req_sending": {
            "avg": 0.8852554449895569,
            "max": 74.217756,
            "med": 0.0061435,
            "min": 0.004159,
            "p(90)": 0.017954,
            "p(95)": 0.023456849999999987
        },
        "http_req_tls_handshaking": {
            "avg": 0,
            "max": 0,
            "med": 0,
            "min": 0,
            "p(90)": 0,
            "p(95)": 0
        },
        "http_req_waiting": {
            "avg": 2422.4160842530177,
            "max": 10478.343863,
            "med": 2073.289278,
            "min": 197.82103,
            "p(90)": 4518.6287713,
            "p(95)": 5434.775914849999
        },
        "http_reqs": {
            "count": 9580,
            "rate": 159.66653886956894
        },
        "iteration_duration": {
            "avg": 2430.266752029134,
            "max": 10478.406029,
            "med": 2125.2475240000003,
            "min": 197.880747,
            "p(90)": 4518.685208300001,
            "p(95)": 5434.83447715
        },
        "iterations": {
            "count": 9580,
            "rate": 159.66653886956894
        },
        "vus": {
            "max": 400,
            "min": 400,
            "value": 400
        },
        "vus_max": {
            "max": 400,
            "min": 400,
            "value": 400
        }
    },
    "root_group": {
        "name": "",
        "path": "",
        "id": "d41d8cd98f00b204e9800998ecf8427e",
        "groups": {},
        "checks": {}
    }
}
