{
    "metrics": {
        "data_received": {
            "count": 67185,
            "rate": 1119.7481793081229
        },
        "data_sent": {
            "count": 26400,
            "rate": 439.99928456849665
        },
        "http_req_blocked": {
            "avg": 0.006400343333333337,
            "max": 0.480942,
            "med": 0.003257,
            "min": 0.001128,
            "p(90)": 0.0037495000000000002,
            "p(95)": 0.004452050000000001
        },
        "http_req_connecting": {
            "avg": 0.0011816266666666668,
            "max": 0.175355,
            "med": 0,
            "min": 0,
            "p(90)": 0,
            "p(95)": 0
        },
        "http_req_duration": {
            "avg": 199.46153209999986,
            "max": 208.14228,
            "med": 199.17520100000002,
            "min": 198.560703,
            "p(90)": 200.3351486,
            "p(95)": 200.69712324999998
        },
        "http_req_receiving": {
            "avg": 0.049124373333333346,
            "max": 0.225807,
            "med": 0.04464,
            "min": 0.017436,
            "p(90)": 0.0611217,
            "p(95)": 0.0647814
        },
        "http_req_sending": {
            "avg": 0.01471521333333333,
            "max": 0.067882,
            "med": 0.014283,
            "min": 0.005172,
            "p(90)": 0.017385300000000017,
            "p(95)": 0.02236080000000004
        },
        "http_req_tls_handshaking": {
            "avg": 0,
            "max": 0,
            "med": 0,
            "min": 0,
            "p(90)": 0,
            "p(95)": 0
        },
        "http_req_waiting": {
            "avg": 199.3976925133333,
            "max": 208.07461,
            "med": 199.1044875,
            "min": 198.502574,
            "p(90)": 200.2712737,
            "p(95)": 200.62002245
        },
        "http_reqs": {
            "count": 300,
            "rate": 4.999991870096553
        },
        "iteration_duration": {
            "avg": 199.54854669000002,
            "max": 208.245512,
            "med": 199.261599,
            "min": 198.637531,
            "p(90)": 200.4277558,
            "p(95)": 200.780023
        },
        "iterations": {
            "count": 300,
            "rate": 4.999991870096553
        },
        "vus": {
            "max": 1,
            "min": 1,
            "value": 1
        },
        "vus_max": {
            "max": 1,
            "min": 1,
            "value": 1
        }
    },
    "root_group": {
        "name": "",
        "path": "",
        "id": "d41d8cd98f00b204e9800998ecf8427e",
        "groups": {},
        "checks": {}
    }
}
