{
    "metrics": {
        "data_received": {
            "count": 2151968,
            "rate": 35866.09492911442
        },
        "data_sent": {
            "count": 845416,
            "rate": 14090.25157929495
        },
        "http_req_blocked": {
            "avg": 0.7067591701884097,
            "max": 39.390295,
            "med": 0.001184,
            "min": 0.000853,
            "p(90)": 0.0017377999999999994,
            "p(95)": 0.010132499999999841
        },
        "http_req_connecting": {
            "avg": 0.32279612293119586,
            "max": 23.997537,
            "med": 0,
            "min": 0,
            "p(90)": 0,
            "p(95)": 0
        },
        "http_req_duration": {
            "avg": 1230.476101672944,
            "max": 3937.683933,
            "med": 1174.631465,
            "min": 194.036016,
            "p(90)": 2048.6065158,
            "p(95)": 2343.7120267999994
        },
        "http_req_receiving": {
            "avg": 0.01805322847923389,
            "max": 0.593251,
            "med": 0.016976,
            "min": 0.009833,
            "p(90)": 0.0221854,
            "p(95)": 0.025375799999999997
        },
        "http_req_sending": {
            "avg": 0.051235215676069874,
            "max": 3.301306,
            "med": 0.005456,
            "min": 0.003294,
            "p(90)": 0.017343599999999997,
            "p(95)": 0.01938059999999999
        },
        "http_req_tls_handshaking": {
            "avg": 0,
            "max": 0,
            "med": 0,
            "min": 0,
            "p(90)": 0,
            "p(95)": 0
        },
        "http_req_waiting": {
            "avg": 1230.4068132287878,
            "max": 3937.656981,
            "med": 1174.597686,
            "min": 194.002193,
            "p(90)": 2048.577668,
            "p(95)": 2343.6902876999993
        },
        "http_reqs": {
            "count": 9607,
            "rate": 160.1164952192608
        },
        "iteration_duration": {
            "avg": 1231.2182911595696,
            "max": 3937.725062,
            "med": 1174.764894,
            "min": 194.079325,
            "p(90)": 2049.1285368,
            "p(95)": 2345.3933587999986
        },
        "iterations": {
            "count": 9607,
            "rate": 160.1164952192608
        },
        "vus": {
            "max": 200,
            "min": 200,
            "value": 200
        },
        "vus_max": {
            "max": 200,
            "min": 200,
            "value": 200
        }
    },
    "root_group": {
        "name": "",
        "path": "",
        "id": "d41d8cd98f00b204e9800998ecf8427e",
        "groups": {},
        "checks": {}
    }
}
