{
    "metrics": {
        "data_received": {
            "count": 2188101,
            "rate": 36468.308736108665
        },
        "data_sent": {
            "count": 859672,
            "rate": 14327.850454703877
        },
        "http_req_blocked": {
            "avg": 0.24534142962432284,
            "max": 26.96873,
            "med": 0.00116,
            "min": 0.00082,
            "p(90)": 0.00288,
            "p(95)": 0.006604600000000006
        },
        "http_req_connecting": {
            "avg": 0.11574646186917804,
            "max": 18.600588,
            "med": 0,
            "min": 0,
            "p(90)": 0,
            "p(95)": 0
        },
        "http_req_duration": {
            "avg": 610.2424425447834,
            "max": 2903.5247,
            "med": 580.291253,
            "min": 191.076912,
            "p(90)": 992.5269034,
            "p(95)": 1114.5848584
        },
        "http_req_receiving": {
            "avg": 0.017852282628723553,
            "max": 0.230673,
            "med": 0.016606,
            "min": 0.011189,
            "p(90)": 0.022759200000000004,
            "p(95)": 0.0256946
        },
        "http_req_sending": {
            "avg": 0.01848438939502506,
            "max": 1.416672,
            "med": 0.005521,
            "min": 0.003682,
            "p(90)": 0.01711980000000001,
            "p(95)": 0.0191158
        },
        "http_req_tls_handshaking": {
            "avg": 0,
            "max": 0,
            "med": 0,
            "min": 0,
            "p(90)": 0,
            "p(95)": 0
        },
        "http_req_waiting": {
            "avg": 610.2061058727631,
            "max": 2903.504422,
            "med": 580.271993,
            "min": 191.037093,
            "p(90)": 992.5025018,
            "p(95)": 1114.5642054
        },
        "http_reqs": {
            "count": 9769,
            "rate": 162.81648243981678
        },
        "iteration_duration": {
            "avg": 610.5256920591645,
            "max": 2903.567192,
            "med": 580.37796,
            "min": 191.121603,
            "p(90)": 992.565173,
            "p(95)": 1115.3235460000003
        },
        "iterations": {
            "count": 9769,
            "rate": 162.81648243981678
        },
        "vus": {
            "max": 100,
            "min": 100,
            "value": 100
        },
        "vus_max": {
            "max": 100,
            "min": 100,
            "value": 100
        }
    },
    "root_group": {
        "name": "",
        "path": "",
        "id": "d41d8cd98f00b204e9800998ecf8427e",
        "groups": {},
        "checks": {}
    }
}
