{
    "metrics": {
        "data_received": {
            "count": 2162216,
            "rate": 36036.88926622391
        },
        "data_sent": {
            "count": 849552,
            "rate": 14159.182685679438
        },
        "http_req_blocked": {
            "avg": 0.026819863994199184,
            "max": 6.780314,
            "med": 0.001139,
            "min": 0.000885,
            "p(90)": 0.0015487000000000007,
            "p(95)": 0.0046210500000000015
        },
        "http_req_connecting": {
            "avg": 0.00957910410192666,
            "max": 2.667134,
            "med": 0,
            "min": 0,
            "p(90)": 0,
            "p(95)": 0
        },
        "http_req_duration": {
            "avg": 309.7352056630404,
            "max": 1034.583618,
            "med": 259.680598,
            "min": 189.71542,
            "p(90)": 499.08052660000004,
            "p(95)": 563.04546225
        },
        "http_req_receiving": {
            "avg": 0.017208247151439798,
            "max": 0.534582,
            "med": 0.015895,
            "min": 0.010998,
            "p(90)": 0.021509700000000003,
            "p(95)": 0.0244307
        },
        "http_req_sending": {
            "avg": 0.011155914957530561,
            "max": 1.233508,
            "med": 0.00524,
            "min": 0.004095,
            "p(90)": 0.016794700000000003,
            "p(95)": 0.018754100000000003
        },
        "http_req_tls_handshaking": {
            "avg": 0,
            "max": 0,
            "med": 0,
            "min": 0,
            "p(90)": 0,
            "p(95)": 0
        },
        "http_req_waiting": {
            "avg": 309.7068415009339,
            "max": 1034.55946,
            "med": 259.658044,
            "min": 189.693669,
            "p(90)": 499.05699810000004,
            "p(95)": 563.0188294000001
        },
        "http_reqs": {
            "count": 9654,
            "rate": 160.89980324635727
        },
        "iteration_duration": {
            "avg": 309.7949313659613,
            "max": 1034.635433,
            "med": 259.71421499999997,
            "min": 189.746828,
            "p(90)": 499.15755850000005,
            "p(95)": 563.07591135
        },
        "iterations": {
            "count": 9654,
            "rate": 160.89980324635727
        },
        "vus": {
            "max": 50,
            "min": 50,
            "value": 50
        },
        "vus_max": {
            "max": 50,
            "min": 50,
            "value": 50
        }
    },
    "root_group": {
        "name": "",
        "path": "",
        "id": "d41d8cd98f00b204e9800998ecf8427e",
        "groups": {},
        "checks": {}
    }
}
