{
    "metrics": {
        "data_received": {
            "count": 562344,
            "rate": 9372.38516788806
        },
        "data_sent": {
            "count": 220968,
            "rate": 3682.7941718554634
        },
        "http_req_blocked": {
            "avg": 0.007841440063719627,
            "max": 1.534388,
            "med": 0.00278,
            "min": 0.000829,
            "p(90)": 0.003312,
            "p(95)": 0.005889
        },
        "http_req_connecting": {
            "avg": 0.002725911987256073,
            "max": 1.439234,
            "med": 0,
            "min": 0,
            "p(90)": 0,
            "p(95)": 0
        },
        "http_req_duration": {
            "avg": 190.76077133532468,
            "max": 197.63076,
            "med": 191.688065,
            "min": 175.833639,
            "p(90)": 192.48274,
            "p(95)": 192.566505
        },
        "http_req_receiving": {
            "avg": 0.03436688928713661,
            "max": 0.145758,
            "med": 0.037523,
            "min": 0.011214,
            "p(90)": 0.052233,
            "p(95)": 0.0586185
        },
        "http_req_sending": {
            "avg": 0.011067240939864588,
            "max": 0.168411,
            "med": 0.011732,
            "min": 0.003871,
            "p(90)": 0.015245,
            "p(95)": 0.022141
        },
        "http_req_tls_handshaking": {
            "avg": 0,
            "max": 0,
            "med": 0,
            "min": 0,
            "p(90)": 0,
            "p(95)": 0
        },
        "http_req_waiting": {
            "avg": 190.71533720509726,
            "max": 197.590468,
            "med": 191.639123,
            "min": 175.812177,
            "p(90)": 192.43508,
            "p(95)": 192.522391
        },
        "http_reqs": {
            "count": 2511,
            "rate": 41.849933771084814
        },
        "iteration_duration": {
            "avg": 190.82872752050972,
            "max": 197.660329,
            "med": 191.757369,
            "min": 175.867803,
            "p(90)": 192.547767,
            "p(95)": 192.64934549999998
        },
        "iterations": {
            "count": 2511,
            "rate": 41.849933771084814
        },
        "vus": {
            "max": 8,
            "min": 8,
            "value": 8
        },
        "vus_max": {
            "max": 8,
            "min": 8,
            "value": 8
        }
    },
    "root_group": {
        "name": "",
        "path": "",
        "id": "d41d8cd98f00b204e9800998ecf8427e",
        "groups": {},
        "checks": {}
    }
}
