{
    "metrics": {
        "data_received": {
            "count": 146690,
            "rate": 2444.8296369546583
        },
        "data_sent": {
            "count": 57640,
            "rate": 960.6652142209182
        },
        "http_req_blocked": {
            "avg": 0.010649511450381673,
            "max": 2.023842,
            "med": 0.003051,
            "min": 0.000939,
            "p(90)": 0.0036722,
            "p(95)": 0.0062385
        },
        "http_req_connecting": {
            "avg": 0.001420465648854962,
            "max": 0.220415,
            "med": 0,
            "min": 0,
            "p(90)": 0,
            "p(95)": 0
        },
        "http_req_duration": {
            "avg": 182.7351354580152,
            "max": 190.827851,
            "med": 183.31476,
            "min": 176.93317,
            "p(90)": 184.2320464,
            "p(95)": 184.6369774
        },
        "http_req_receiving": {
            "avg": 0.03842482137404581,
            "max": 0.128275,
            "med": 0.042001,
            "min": 0.012554,
            "p(90)": 0.0540954,
            "p(95)": 0.0636668
        },
        "http_req_sending": {
            "avg": 0.01195107633587787,
            "max": 0.095384,
            "med": 0.012938,
            "min": 0.00434,
            "p(90)": 0.0166964,
            "p(95)": 0.02079709999999999
        },
        "http_req_tls_handshaking": {
            "avg": 0,
            "max": 0,
            "med": 0,
            "min": 0,
            "p(90)": 0,
            "p(95)": 0
        },
        "http_req_waiting": {
            "avg": 182.68475956030528,
            "max": 190.771071,
            "med": 183.261255,
            "min": 176.911681,
            "p(90)": 184.1683714,
            "p(95)": 184.57504260000002
        },
        "http_reqs": {
            "count": 655,
            "rate": 10.916650161601343
        },
        "iteration_duration": {
            "avg": 182.81430653893136,
            "max": 190.91875,
            "med": 183.40723,
            "min": 176.961908,
            "p(90)": 184.3166996,
            "p(95)": 184.7356497
        },
        "iterations": {
            "count": 655,
            "rate": 10.916650161601343
        },
        "vus": {
            "max": 2,
            "min": 2,
            "value": 2
        },
        "vus_max": {
            "max": 2,
            "min": 2,
            "value": 2
        }
    },
    "root_group": {
        "name": "",
        "path": "",
        "id": "d41d8cd98f00b204e9800998ecf8427e",
        "groups": {},
        "checks": {}
    }
}
