{
    "metrics": {
        "data_received": {
            "count": 560104,
            "rate": 9335.050921236278
        },
        "data_sent": {
            "count": 220088,
            "rate": 3668.1271463032754
        },
        "http_req_blocked": {
            "avg": 0.01076248220711715,
            "max": 2.200729,
            "med": 0.003286,
            "min": 0.000905,
            "p(90)": 0.004238,
            "p(95)": 0.007767
        },
        "http_req_connecting": {
            "avg": 0.0020730427828868454,
            "max": 0.538242,
            "med": 0,
            "min": 0,
            "p(90)": 0,
            "p(95)": 0
        },
        "http_req_duration": {
            "avg": 191.51487196641312,
            "max": 201.00058,
            "med": 192.299103,
            "min": 175.419728,
            "p(90)": 194.477447,
            "p(95)": 194.676328
        },
        "http_req_receiving": {
            "avg": 0.05118318112754892,
            "max": 1.101222,
            "med": 0.057604,
            "min": 0.012114,
            "p(90)": 0.075903,
            "p(95)": 0.086489
        },
        "http_req_sending": {
            "avg": 0.014585792882846832,
            "max": 0.307244,
            "med": 0.014388,
            "min": 0.004341,
            "p(90)": 0.018912,
            "p(95)": 0.026471
        },
        "http_req_tls_handshaking": {
            "avg": 0,
            "max": 0,
            "med": 0,
            "min": 0,
            "p(90)": 0,
            "p(95)": 0
        },
        "http_req_waiting": {
            "avg": 191.44910299240286,
            "max": 200.963291,
            "med": 192.238539,
            "min": 175.378271,
            "p(90)": 194.412047,
            "p(95)": 194.610515
        },
        "http_reqs": {
            "count": 2501,
            "rate": 41.683263026173584
        },
        "iteration_duration": {
            "avg": 191.6049683790482,
            "max": 201.052628,
            "med": 192.382745,
            "min": 175.491411,
            "p(90)": 194.572557,
            "p(95)": 194.765163
        },
        "iterations": {
            "count": 2501,
            "rate": 41.683263026173584
        },
        "vus": {
            "max": 8,
            "min": 8,
            "value": 8
        },
        "vus_max": {
            "max": 8,
            "min": 8,
            "value": 8
        }
    },
    "root_group": {
        "name": "",
        "path": "",
        "id": "d41d8cd98f00b204e9800998ecf8427e",
        "groups": {},
        "checks": {}
    }
}
