{
    "metrics": {
        "data_received": {
            "count": 2786508,
            "rate": 46441.746659331875
        },
        "data_sent": {
            "count": 1094896,
            "rate": 18248.24570764406
        },
        "http_req_blocked": {
            "avg": 0.022106613245459147,
            "max": 7.359292,
            "med": 0.001741,
            "min": 0.000838,
            "p(90)": 0.002084,
            "p(95)": 0.004652849999999997
        },
        "http_req_connecting": {
            "avg": 0.00711234488024433,
            "max": 3.034122,
            "med": 0,
            "min": 0,
            "p(90)": 0,
            "p(95)": 0
        },
        "http_req_duration": {
            "avg": 240.4725245352049,
            "max": 374.653956,
            "med": 196.608856,
            "min": 187.398431,
            "p(90)": 350.2832107,
            "p(95)": 362.6294769
        },
        "http_req_receiving": {
            "avg": 0.022341704549107826,
            "max": 0.737417,
            "med": 0.0208565,
            "min": 0.011094,
            "p(90)": 0.0287979,
            "p(95)": 0.03499794999999998
        },
        "http_req_sending": {
            "avg": 0.013405077479504885,
            "max": 1.57039,
            "med": 0.007556,
            "min": 0.004181,
            "p(90)": 0.010550099999999996,
            "p(95)": 0.018044399999999985
        },
        "http_req_tls_handshaking": {
            "avg": 0,
            "max": 0,
            "med": 0,
            "min": 0,
            "p(90)": 0,
            "p(95)": 0
        },
        "http_req_waiting": {
            "avg": 240.4367777531759,
            "max": 374.625555,
            "med": 196.5737605,
            "min": 187.356122,
            "p(90)": 350.2524349,
            "p(95)": 362.59480545
        },
        "http_reqs": {
            "count": 12442,
            "rate": 207.3664284959552
        },
        "iteration_duration": {
            "avg": 240.54565549437376,
            "max": 378.416588,
            "med": 196.66723,
            "min": 187.475381,
            "p(90)": 350.34354759999997,
            "p(95)": 362.68816045
        },
        "iterations": {
            "count": 12442,
            "rate": 207.3664284959552
        },
        "vus": {
            "max": 50,
            "min": 50,
            "value": 50
        },
        "vus_max": {
            "max": 50,
            "min": 50,
            "value": 50
        }
    },
    "root_group": {
        "name": "",
        "path": "",
        "id": "d41d8cd98f00b204e9800998ecf8427e",
        "groups": {},
        "checks": {}
    }
}
