{
    "metrics": {
        "data_received": {
            "count": 3280256,
            "rate": 54670.86291999543
        },
        "data_sent": {
            "count": 1288672,
            "rate": 21477.83900428392
        },
        "http_req_blocked": {
            "avg": 0.46423470602294065,
            "max": 45.86541,
            "med": 0.001838,
            "min": 0.001327,
            "p(90)": 0.002318,
            "p(95)": 0.003292
        },
        "http_req_connecting": {
            "avg": 0.21291201693526363,
            "max": 23.993567,
            "med": 0,
            "min": 0,
            "p(90)": 0,
            "p(95)": 0
        },
        "http_req_duration": {
            "avg": 807.0042192607233,
            "max": 6228.594583,
            "med": 502.823084,
            "min": 197.166356,
            "p(90)": 1772.3227852000002,
            "p(95)": 2264.9304784
        },
        "http_req_receiving": {
            "avg": 0.024570455066921387,
            "max": 0.982136,
            "med": 0.022507,
            "min": 0.016641,
            "p(90)": 0.0313828,
            "p(95)": 0.03631699999999997
        },
        "http_req_sending": {
            "avg": 0.03814007409177827,
            "max": 10.806794,
            "med": 0.007943,
            "min": 0.00568,
            "p(90)": 0.010228900000000006,
            "p(95)": 0.017201749999999977
        },
        "http_req_tls_handshaking": {
            "avg": 0,
            "max": 0,
            "med": 0,
            "min": 0,
            "p(90)": 0,
            "p(95)": 0
        },
        "http_req_waiting": {
            "avg": 806.9415087315627,
            "max": 6228.561936,
            "med": 502.2066,
            "min": 197.136674,
            "p(90)": 1772.2891570000002,
            "p(95)": 2264.8157041999993
        },
        "http_reqs": {
            "count": 14644,
            "rate": 244.06635232140817
        },
        "iteration_duration": {
            "avg": 807.5267743459475,
            "max": 6228.640386,
            "med": 504.99993700000005,
            "min": 197.222335,
            "p(90)": 1772.8973561000005,
            "p(95)": 2265.02610975
        },
        "iterations": {
            "count": 14644,
            "rate": 244.06635232140817
        },
        "vus": {
            "max": 200,
            "min": 200,
            "value": 200
        },
        "vus_max": {
            "max": 200,
            "min": 200,
            "value": 200
        }
    },
    "root_group": {
        "name": "",
        "path": "",
        "id": "d41d8cd98f00b204e9800998ecf8427e",
        "groups": {},
        "checks": {}
    }
}
