{
    "metrics": {
        "data_received": {
            "count": 3310220,
            "rate": 55170.26203864271
        },
        "data_sent": {
            "count": 1300640,
            "rate": 21677.305320474246
        },
        "http_req_blocked": {
            "avg": 0.15424834052773995,
            "max": 25.956495,
            "med": 0.001826,
            "min": 0.001168,
            "p(90)": 0.002357,
            "p(95)": 0.00447805
        },
        "http_req_connecting": {
            "avg": 0.07588121542625165,
            "max": 17.947706,
            "med": 0,
            "min": 0,
            "p(90)": 0,
            "p(95)": 0
        },
        "http_req_duration": {
            "avg": 403.9714605716509,
            "max": 1545.736424,
            "med": 379.086056,
            "min": 195.465702,
            "p(90)": 620.8265993,
            "p(95)": 727.7254381499998
        },
        "http_req_receiving": {
            "avg": 0.024417937821380277,
            "max": 0.520205,
            "med": 0.022138,
            "min": 0.016824,
            "p(90)": 0.0312833,
            "p(95)": 0.036307
        },
        "http_req_sending": {
            "avg": 0.016426620906630624,
            "max": 1.489349,
            "med": 0.007811,
            "min": 0.005156,
            "p(90)": 0.0102774,
            "p(95)": 0.01846399999999996
        },
        "http_req_tls_handshaking": {
            "avg": 0,
            "max": 0,
            "med": 0,
            "min": 0,
            "p(90)": 0,
            "p(95)": 0
        },
        "http_req_waiting": {
            "avg": 403.93061601292237,
            "max": 1545.702708,
            "med": 379.0581185,
            "min": 195.411072,
            "p(90)": 620.7849569000001,
            "p(95)": 727.4750115499996
        },
        "http_reqs": {
            "count": 14780,
            "rate": 246.33301500538914
        },
        "iteration_duration": {
            "avg": 404.18391934756426,
            "max": 1545.803116,
            "med": 379.14885749999996,
            "min": 195.513075,
            "p(90)": 621.0824746000001,
            "p(95)": 728.96421365
        },
        "iterations": {
            "count": 14780,
            "rate": 246.33301500538914
        },
        "vus": {
            "max": 100,
            "min": 100,
            "value": 100
        },
        "vus_max": {
            "max": 100,
            "min": 100,
            "value": 100
        }
    },
    "root_group": {
        "name": "",
        "path": "",
        "id": "d41d8cd98f00b204e9800998ecf8427e",
        "groups": {},
        "checks": {}
    }
}
