{
    "metrics": {
        "data_received": {
            "count": 3295712,
            "rate": 54928.46458761348
        },
        "data_sent": {
            "count": 1294744,
            "rate": 21579.03965941958
        },
        "http_req_blocked": {
            "avg": 2.033493301094253,
            "max": 129.327808,
            "med": 0.001886,
            "min": 0.001398,
            "p(90)": 0.0026782000000000043,
            "p(95)": 0.005829399999999994
        },
        "http_req_connecting": {
            "avg": 1.147884150479169,
            "max": 69.465851,
            "med": 0,
            "min": 0,
            "p(90)": 0,
            "p(95)": 0
        },
        "http_req_duration": {
            "avg": 1557.882309758715,
            "max": 14720.140105,
            "med": 575.110037,
            "min": 196.171155,
            "p(90)": 4819.699449600005,
            "p(95)": 6547.558256399998
        },
        "http_req_receiving": {
            "avg": 0.025690280296336753,
            "max": 0.127472,
            "med": 0.023942,
            "min": 0.018247,
            "p(90)": 0.032821,
            "p(95)": 0.0374988
        },
        "http_req_sending": {
            "avg": 0.3240963838102377,
            "max": 56.933796,
            "med": 0.008317,
            "min": 0.00625,
            "p(90)": 0.011446600000000008,
            "p(95)": 0.023627
        },
        "http_req_tls_handshaking": {
            "avg": 0,
            "max": 0,
            "med": 0,
            "min": 0,
            "p(90)": 0,
            "p(95)": 0
        },
        "http_req_waiting": {
            "avg": 1557.5325230946155,
            "max": 14720.10583,
            "med": 575.079144,
            "min": 196.142667,
            "p(90)": 4819.665666200005,
            "p(95)": 6547.523376399998
        },
        "http_reqs": {
            "count": 14713,
            "rate": 245.2163597661316
        },
        "iteration_duration": {
            "avg": 1559.9772675516936,
            "max": 14720.206109,
            "med": 575.169178,
            "min": 196.231376,
            "p(90)": 4819.763992000006,
            "p(95)": 6547.620168999998
        },
        "iterations": {
            "count": 14713,
            "rate": 245.2163597661316
        },
        "vus": {
            "max": 400,
            "min": 400,
            "value": 400
        },
        "vus_max": {
            "max": 400,
            "min": 400,
            "value": 400
        }
    },
    "root_group": {
        "name": "",
        "path": "",
        "id": "d41d8cd98f00b204e9800998ecf8427e",
        "groups": {},
        "checks": {}
    }
}
