{
    "metrics": {
        "data_received": {
            "count": 75697,
            "rate": 1261.6153716184876
        },
        "data_sent": {
            "count": 29744,
            "rate": 495.732824463589
        },
        "http_req_blocked": {
            "avg": 0.004787760355029589,
            "max": 0.748611,
            "med": 0.001411,
            "min": 0.001218,
            "p(90)": 0.0016592000000000004,
            "p(95)": 0.0017833
        },
        "http_req_connecting": {
            "avg": 0.0016256775147928996,
            "max": 0.301717,
            "med": 0,
            "min": 0,
            "p(90)": 0,
            "p(95)": 0
        },
        "http_req_duration": {
            "avg": 177.38016896449702,
            "max": 186.977537,
            "med": 177.1893595,
            "min": 176.453551,
            "p(90)": 177.9608837,
            "p(95)": 178.3047437
        },
        "http_req_receiving": {
            "avg": 0.020029526627218925,
            "max": 0.074277,
            "med": 0.018381500000000002,
            "min": 0.016055,
            "p(90)": 0.0232225,
            "p(95)": 0.027722449999999996
        },
        "http_req_sending": {
            "avg": 0.0067643224852071025,
            "max": 0.042753,
            "med": 0.006103,
            "min": 0.005373,
            "p(90)": 0.0069889,
            "p(95)": 0.008878249999999997
        },
        "http_req_tls_handshaking": {
            "avg": 0,
            "max": 0,
            "med": 0,
            "min": 0,
            "p(90)": 0,
            "p(95)": 0
        },
        "http_req_waiting": {
            "avg": 177.35337511538472,
            "max": 186.945609,
            "med": 177.15198049999998,
            "min": 176.426883,
            "p(90)": 177.936714,
            "p(95)": 178.2795032
        },
        "http_reqs": {
            "count": 338,
            "rate": 5.633327550722602
        },
        "iteration_duration": {
            "avg": 177.4341998284024,
            "max": 187.016258,
            "med": 177.235,
            "min": 176.496823,
            "p(90)": 178.01868869999998,
            "p(95)": 178.36325185
        },
        "iterations": {
            "count": 338,
            "rate": 5.633327550722602
        },
        "vus": {
            "max": 1,
            "min": 1,
            "value": 1
        },
        "vus_max": {
            "max": 1,
            "min": 1,
            "value": 1
        }
    },
    "root_group": {
        "name": "",
        "path": "",
        "id": "d41d8cd98f00b204e9800998ecf8427e",
        "groups": {},
        "checks": {}
    }
}
