{
    "metrics": {
        "data_received": {
            "count": 3548332,
            "rate": 59138.79985855011
        },
        "data_sent": {
            "count": 1394184,
            "rate": 23236.373750255847
        },
        "http_req_blocked": {
            "avg": 0.21103832859938276,
            "max": 39.220225,
            "med": 0.001836,
            "min": 0.001347,
            "p(90)": 0.002557400000000003,
            "p(95)": 0.004305799999999999
        },
        "http_req_connecting": {
            "avg": 0.14049494363441273,
            "max": 31.711333,
            "med": 0,
            "min": 0,
            "p(90)": 0,
            "p(95)": 0
        },
        "http_req_duration": {
            "avg": 377.0112765209235,
            "max": 732.082589,
            "med": 361.490325,
            "min": 203.063014,
            "p(90)": 423.1694008,
            "p(95)": 475.53226679999995
        },
        "http_req_receiving": {
            "avg": 0.024910824843779596,
            "max": 1.903392,
            "med": 0.022238,
            "min": 0.015235,
            "p(90)": 0.0320198,
            "p(95)": 0.037355599999999996
        },
        "http_req_sending": {
            "avg": 0.11376325538092515,
            "max": 37.480129,
            "med": 0.007922,
            "min": 0.005646,
            "p(90)": 0.010697800000000007,
            "p(95)": 0.01994109999999999
        },
        "http_req_tls_handshaking": {
            "avg": 0,
            "max": 0,
            "med": 0,
            "min": 0,
            "p(90)": 0,
            "p(95)": 0
        },
        "http_req_waiting": {
            "avg": 376.8726024406994,
            "max": 732.036847,
            "med": 361.44956,
            "min": 203.029056,
            "p(90)": 423.0983314000001,
            "p(95)": 475.13151529999993
        },
        "http_reqs": {
            "count": 15843,
            "rate": 264.0497017074528
        },
        "iteration_duration": {
            "avg": 377.28140575187695,
            "max": 732.141035,
            "med": 361.553276,
            "min": 203.130173,
            "p(90)": 424.98094000000003,
            "p(95)": 475.58123029999996
        },
        "iterations": {
            "count": 15843,
            "rate": 264.0497017074528
        },
        "vus": {
            "max": 100,
            "min": 100,
            "value": 100
        },
        "vus_max": {
            "max": 100,
            "min": 100,
            "value": 100
        }
    },
    "root_group": {
        "name": "",
        "path": "",
        "id": "d41d8cd98f00b204e9800998ecf8427e",
        "groups": {},
        "checks": {}
    }
}
