{
    "metrics": {
        "data_received": {
            "count": 511760,
            "rate": 8529.325876570185
        },
        "data_sent": {
            "count": 201080,
            "rate": 3351.330403432728
        },
        "http_req_blocked": {
            "avg": 0.00882941312910288,
            "max": 1.839682,
            "med": 0.002886,
            "min": 0.000855,
            "p(90)": 0.0033946,
            "p(95)": 0.006341199999999996
        },
        "http_req_connecting": {
            "avg": 0.0017563115973741794,
            "max": 0.77137,
            "med": 0,
            "min": 0,
            "p(90)": 0,
            "p(95)": 0
        },
        "http_req_duration": {
            "avg": 209.5958492126913,
            "max": 214.052876,
            "med": 210.751208,
            "min": 193.019609,
            "p(90)": 211.151852,
            "p(95)": 211.2967222
        },
        "http_req_receiving": {
            "avg": 0.036244412253829336,
            "max": 0.247554,
            "med": 0.038666,
            "min": 0.010738,
            "p(90)": 0.0527964,
            "p(95)": 0.058843999999999994
        },
        "http_req_sending": {
            "avg": 0.01167696061269145,
            "max": 0.174222,
            "med": 0.012344,
            "min": 0.003933,
            "p(90)": 0.016596,
            "p(95)": 0.021236399999999975
        },
        "http_req_tls_handshaking": {
            "avg": 0,
            "max": 0,
            "med": 0,
            "min": 0,
            "p(90)": 0,
            "p(95)": 0
        },
        "http_req_waiting": {
            "avg": 209.54792783982495,
            "max": 214.014982,
            "med": 210.707234,
            "min": 192.998638,
            "p(90)": 211.100587,
            "p(95)": 211.2443802
        },
        "http_reqs": {
            "count": 2285,
            "rate": 38.08330003900827
        },
        "iteration_duration": {
            "avg": 209.67087794748326,
            "max": 214.101194,
            "med": 210.815611,
            "min": 193.05744,
            "p(90)": 211.2311792,
            "p(95)": 211.3957732
        },
        "iterations": {
            "count": 2285,
            "rate": 38.08330003900827
        },
        "vus": {
            "max": 8,
            "min": 8,
            "value": 8
        },
        "vus_max": {
            "max": 8,
            "min": 8,
            "value": 8
        }
    },
    "root_group": {
        "name": "",
        "path": "",
        "id": "d41d8cd98f00b204e9800998ecf8427e",
        "groups": {},
        "checks": {}
    }
}
