{
    "metrics": {
        "data_received": {
            "count": 76145,
            "rate": 1269.0814769421004
        },
        "data_sent": {
            "count": 29920,
            "rate": 498.66593722644484
        },
        "http_req_blocked": {
            "avg": 0.006362029411764707,
            "max": 0.398678,
            "med": 0.003277,
            "min": 0.001115,
            "p(90)": 0.0036159000000000005,
            "p(95)": 0.0038162500000000006
        },
        "http_req_connecting": {
            "avg": 0.001642305882352941,
            "max": 0.189719,
            "med": 0,
            "min": 0,
            "p(90)": 0,
            "p(95)": 0
        },
        "http_req_duration": {
            "avg": 176.27882282058832,
            "max": 182.56907,
            "med": 176.06888650000002,
            "min": 175.570361,
            "p(90)": 177.09619170000002,
            "p(95)": 177.56156685000002
        },
        "http_req_receiving": {
            "avg": 0.04647623823529409,
            "max": 0.164859,
            "med": 0.0445825,
            "min": 0.01647,
            "p(90)": 0.057538900000000025,
            "p(95)": 0.06422955000000001
        },
        "http_req_sending": {
            "avg": 0.014266544117647051,
            "max": 0.074353,
            "med": 0.014097499999999999,
            "min": 0.004971,
            "p(90)": 0.0160405,
            "p(95)": 0.024734150000000003
        },
        "http_req_tls_handshaking": {
            "avg": 0,
            "max": 0,
            "med": 0,
            "min": 0,
            "p(90)": 0,
            "p(95)": 0
        },
        "http_req_waiting": {
            "avg": 176.21808003823523,
            "max": 182.500368,
            "med": 175.9947525,
            "min": 175.537852,
            "p(90)": 177.0223761,
            "p(95)": 177.49370445
        },
        "http_reqs": {
            "count": 340,
            "rate": 5.666658377573237
        },
        "iteration_duration": {
            "avg": 176.3599744470588,
            "max": 182.650432,
            "med": 176.13053000000002,
            "min": 175.629812,
            "p(90)": 177.1890521,
            "p(95)": 177.64298665
        },
        "iterations": {
            "count": 340,
            "rate": 5.666658377573237
        },
        "vus": {
            "max": 1,
            "min": 1,
            "value": 1
        },
        "vus_max": {
            "max": 1,
            "min": 1,
            "value": 1
        }
    },
    "root_group": {
        "name": "",
        "path": "",
        "id": "d41d8cd98f00b204e9800998ecf8427e",
        "groups": {},
        "checks": {}
    }
}
