{
    "metrics": {
        "data_received": {
            "count": 146242,
            "rate": 2437.362504463963
        },
        "data_sent": {
            "count": 57464,
            "rate": 957.7316978468373
        },
        "http_req_blocked": {
            "avg": 0.006306344563552839,
            "max": 0.722279,
            "med": 0.003026,
            "min": 0.000996,
            "p(90)": 0.004223200000000001,
            "p(95)": 0.0044155999999999996
        },
        "http_req_connecting": {
            "avg": 0.0014064548238897395,
            "max": 0.227967,
            "med": 0,
            "min": 0,
            "p(90)": 0,
            "p(95)": 0
        },
        "http_req_duration": {
            "avg": 183.4402677243493,
            "max": 188.592611,
            "med": 184.001844,
            "min": 178.014566,
            "p(90)": 184.84986940000002,
            "p(95)": 185.0933354
        },
        "http_req_receiving": {
            "avg": 0.04644283614088821,
            "max": 0.149485,
            "med": 0.050618,
            "min": 0.01382,
            "p(90)": 0.0681298000000001,
            "p(95)": 0.07874259999999998
        },
        "http_req_sending": {
            "avg": 0.012497041347626345,
            "max": 0.09155,
            "med": 0.013232,
            "min": 0.004588,
            "p(90)": 0.0177654,
            "p(95)": 0.020212599999999994
        },
        "http_req_tls_handshaking": {
            "avg": 0,
            "max": 0,
            "med": 0,
            "min": 0,
            "p(90)": 0,
            "p(95)": 0
        },
        "http_req_waiting": {
            "avg": 183.38132784686064,
            "max": 188.529369,
            "med": 183.914809,
            "min": 177.990469,
            "p(90)": 184.7897638,
            "p(95)": 185.0212276
        },
        "http_reqs": {
            "count": 653,
            "rate": 10.883314748259515
        },
        "iteration_duration": {
            "avg": 183.515380471669,
            "max": 188.667122,
            "med": 184.064271,
            "min": 178.054005,
            "p(90)": 184.92460300000002,
            "p(95)": 185.1579956
        },
        "iterations": {
            "count": 653,
            "rate": 10.883314748259515
        },
        "vus": {
            "max": 2,
            "min": 2,
            "value": 2
        },
        "vus_max": {
            "max": 2,
            "min": 2,
            "value": 2
        }
    },
    "root_group": {
        "name": "",
        "path": "",
        "id": "d41d8cd98f00b204e9800998ecf8427e",
        "groups": {},
        "checks": {}
    }
}
