{
    "metrics": {
        "data_received": {
            "count": 3509605,
            "rate": 58493.34158363852
        },
        "data_sent": {
            "count": 1378960,
            "rate": 22982.637165770557
        },
        "http_req_blocked": {
            "avg": 0.19806688079132131,
            "max": 35.725159,
            "med": 0.001856,
            "min": 0.00102,
            "p(90)": 0.0026351000000000005,
            "p(95)": 0.004517649999999997
        },
        "http_req_connecting": {
            "avg": 0.1412201609444798,
            "max": 27.944642,
            "med": 0,
            "min": 0,
            "p(90)": 0,
            "p(95)": 0
        },
        "http_req_duration": {
            "avg": 362.4721933368236,
            "max": 523.579011,
            "med": 364.10470050000004,
            "min": 203.365956,
            "p(90)": 376.9946919,
            "p(95)": 384.643211
        },
        "http_req_receiving": {
            "avg": 0.025641255902999347,
            "max": 3.688945,
            "med": 0.023051,
            "min": 0.012302,
            "p(90)": 0.0332681,
            "p(95)": 0.037944649999999996
        },
        "http_req_sending": {
            "avg": 0.07291824422463163,
            "max": 37.752948,
            "med": 0.007893,
            "min": 0.004461,
            "p(90)": 0.010814,
            "p(95)": 0.02024749999999999
        },
        "http_req_tls_handshaking": {
            "avg": 0,
            "max": 0,
            "med": 0,
            "min": 0,
            "p(90)": 0,
            "p(95)": 0
        },
        "http_req_waiting": {
            "avg": 362.373633836693,
            "max": 523.537448,
            "med": 364.06590800000004,
            "min": 198.42912,
            "p(90)": 376.8872055,
            "p(95)": 384.38728779999997
        },
        "http_reqs": {
            "count": 15670,
            "rate": 261.16633142921086
        },
        "iteration_duration": {
            "avg": 362.72949696904976,
            "max": 523.636264,
            "med": 364.17250950000005,
            "min": 203.461411,
            "p(90)": 377.1705818,
            "p(95)": 385.93239769999997
        },
        "iterations": {
            "count": 15670,
            "rate": 261.16633142921086
        },
        "vus": {
            "max": 95,
            "min": 95,
            "value": 95
        },
        "vus_max": {
            "max": 95,
            "min": 95,
            "value": 95
        }
    },
    "root_group": {
        "name": "",
        "path": "",
        "id": "d41d8cd98f00b204e9800998ecf8427e",
        "groups": {},
        "checks": {}
    }
}
