{
    "metrics": {
        "data_received": {
            "count": 3438624,
            "rate": 57310.33272340042
        },
        "data_sent": {
            "count": 1350888,
            "rate": 22514.773569907306
        },
        "http_req_blocked": {
            "avg": 1.4187872842159945,
            "max": 92.012447,
            "med": 0.0019,
            "min": 0.001397,
            "p(90)": 0.003628,
            "p(95)": 0.006538
        },
        "http_req_connecting": {
            "avg": 0.7278246091459836,
            "max": 58.065146,
            "med": 0,
            "min": 0,
            "p(90)": 0,
            "p(95)": 0
        },
        "http_req_duration": {
            "avg": 1303.8013912114543,
            "max": 40979.072201,
            "med": 798.251962,
            "min": 343.240053,
            "p(90)": 1533.454301,
            "p(95)": 2294.6908955
        },
        "http_req_receiving": {
            "avg": 0.027273737932382216,
            "max": 2.227184,
            "med": 0.025238,
            "min": 0.015682,
            "p(90)": 0.034164,
            "p(95)": 0.0388585
        },
        "http_req_sending": {
            "avg": 0.1325563824506544,
            "max": 14.84155,
            "med": 0.008662,
            "min": 0.006433,
            "p(90)": 0.014166,
            "p(95)": 0.023322
        },
        "http_req_tls_handshaking": {
            "avg": 0,
            "max": 0,
            "med": 0,
            "min": 0,
            "p(90)": 0,
            "p(95)": 0
        },
        "http_req_waiting": {
            "avg": 1303.6415610910744,
            "max": 40979.021098,
            "med": 798.22095,
            "min": 343.208893,
            "p(90)": 1533.41705,
            "p(95)": 2294.6512125
        },
        "http_reqs": {
            "count": 15351,
            "rate": 255.84969965803757
        },
        "iteration_duration": {
            "avg": 1305.282440455471,
            "max": 40979.175581,
            "med": 798.330756,
            "min": 343.282538,
            "p(90)": 1533.497741,
            "p(95)": 2294.7530349999997
        },
        "iterations": {
            "count": 15351,
            "rate": 255.84969965803757
        },
        "vus": {
            "max": 400,
            "min": 400,
            "value": 400
        },
        "vus_max": {
            "max": 400,
            "min": 400,
            "value": 400
        }
    },
    "root_group": {
        "name": "",
        "path": "",
        "id": "d41d8cd98f00b204e9800998ecf8427e",
        "groups": {},
        "checks": {}
    }
}
