{
    "metrics": {
        "data_received": {
            "count": 2436396,
            "rate": 40606.552665618336
        },
        "data_sent": {
            "count": 957352,
            "rate": 15955.848067200506
        },
        "http_req_blocked": {
            "avg": 0.34233112997518167,
            "max": 76.786067,
            "med": 0.001704,
            "min": 0.000902,
            "p(90)": 0.0021084000000000016,
            "p(95)": 0.004498200000000001
        },
        "http_req_connecting": {
            "avg": 0.07666635315745933,
            "max": 42.181025,
            "med": 0,
            "min": 0,
            "p(90)": 0,
            "p(95)": 0
        },
        "http_req_duration": {
            "avg": 274.7293174847886,
            "max": 385.61671,
            "med": 272.027423,
            "min": 186.012187,
            "p(90)": 367.20729339999997,
            "p(95)": 370.5264692
        },
        "http_req_receiving": {
            "avg": 0.021000902564573962,
            "max": 0.091781,
            "med": 0.020574,
            "min": 0.011425,
            "p(90)": 0.02771440000000001,
            "p(95)": 0.03286580000000001
        },
        "http_req_sending": {
            "avg": 0.01529932769556031,
            "max": 14.535568,
            "med": 0.007482,
            "min": 0.004046,
            "p(90)": 0.015165800000000031,
            "p(95)": 0.018582800000000017
        },
        "http_req_tls_handshaking": {
            "avg": 0,
            "max": 0,
            "med": 0,
            "min": 0,
            "p(90)": 0,
            "p(95)": 0
        },
        "http_req_waiting": {
            "avg": 274.69301725452726,
            "max": 385.576382,
            "med": 271.993995,
            "min": 185.968014,
            "p(90)": 367.17401820000003,
            "p(95)": 370.488605
        },
        "http_reqs": {
            "count": 10879,
            "rate": 181.31645530909665
        },
        "iteration_duration": {
            "avg": 275.1182505348836,
            "max": 453.168758,
            "med": 272.244467,
            "min": 186.100541,
            "p(90)": 367.27923100000004,
            "p(95)": 370.5747371
        },
        "iterations": {
            "count": 10879,
            "rate": 181.31645530909665
        },
        "vus": {
            "max": 50,
            "min": 50,
            "value": 50
        },
        "vus_max": {
            "max": 50,
            "min": 50,
            "value": 50
        }
    },
    "root_group": {
        "name": "",
        "path": "",
        "id": "d41d8cd98f00b204e9800998ecf8427e",
        "groups": {},
        "checks": {}
    }
}
