{
    "metrics": {
        "data_received": {
            "count": 3370304,
            "rate": 56171.660632225365
        },
        "data_sent": {
            "count": 1324048,
            "rate": 22067.438105517107
        },
        "http_req_blocked": {
            "avg": 0.5614128128406265,
            "max": 53.5964,
            "med": 0.001852,
            "min": 0.001287,
            "p(90)": 0.002414,
            "p(95)": 0.005595
        },
        "http_req_connecting": {
            "avg": 0.27514309490894595,
            "max": 32.419246,
            "med": 0,
            "min": 0,
            "p(90)": 0,
            "p(95)": 0
        },
        "http_req_duration": {
            "avg": 790.7735675231949,
            "max": 4854.144082,
            "med": 759.626407,
            "min": 263.880543,
            "p(90)": 932.215276,
            "p(95)": 1003.4450205
        },
        "http_req_receiving": {
            "avg": 0.02549685816828392,
            "max": 0.173318,
            "med": 0.023754,
            "min": 0.015734,
            "p(90)": 0.0318535,
            "p(95)": 0.036733
        },
        "http_req_sending": {
            "avg": 0.03731751183038691,
            "max": 3.290583,
            "med": 0.008256,
            "min": 0.006428,
            "p(90)": 0.0106325,
            "p(95)": 0.01697825
        },
        "http_req_tls_handshaking": {
            "avg": 0,
            "max": 0,
            "med": 0,
            "min": 0,
            "p(90)": 0,
            "p(95)": 0
        },
        "http_req_waiting": {
            "avg": 790.710753153199,
            "max": 4854.104571,
            "med": 759.590815,
            "min": 262.060788,
            "p(90)": 932.1829805,
            "p(95)": 1003.41065025
        },
        "http_reqs": {
            "count": 15046,
            "rate": 250.76634210814893
        },
        "iteration_duration": {
            "avg": 791.3949736939385,
            "max": 4854.20468,
            "med": 759.6936645000001,
            "min": 304.844452,
            "p(90)": 932.62787,
            "p(95)": 1004.5759664999999
        },
        "iterations": {
            "count": 15046,
            "rate": 250.76634210814893
        },
        "vus": {
            "max": 200,
            "min": 200,
            "value": 200
        },
        "vus_max": {
            "max": 200,
            "min": 200,
            "value": 200
        }
    },
    "root_group": {
        "name": "",
        "path": "",
        "id": "d41d8cd98f00b204e9800998ecf8427e",
        "groups": {},
        "checks": {}
    }
}
