{
    "metrics": {
        "data_received": {
            "count": 3476229,
            "rate": 57937.07939111573
        },
        "data_sent": {
            "count": 1365848,
            "rate": 22764.105590338448
        },
        "http_req_blocked": {
            "avg": 0.17143715933251896,
            "max": 42.969408,
            "med": 0.001831,
            "min": 0.001188,
            "p(90)": 0.002386,
            "p(95)": 0.00427
        },
        "http_req_connecting": {
            "avg": 0.1121552907673476,
            "max": 37.466993,
            "med": 0,
            "min": 0,
            "p(90)": 0,
            "p(95)": 0
        },
        "http_req_duration": {
            "avg": 365.8712148642497,
            "max": 803.442786,
            "med": 367.277426,
            "min": 199.085753,
            "p(90)": 371.162091,
            "p(95)": 375.907101
        },
        "http_req_receiving": {
            "avg": 0.024603302815540226,
            "max": 0.866791,
            "med": 0.022299,
            "min": 0.014835,
            "p(90)": 0.030796,
            "p(95)": 0.03697
        },
        "http_req_sending": {
            "avg": 0.017132424328329364,
            "max": 1.955834,
            "med": 0.007864,
            "min": 0.005593,
            "p(90)": 0.010218,
            "p(95)": 0.015198
        },
        "http_req_tls_handshaking": {
            "avg": 0,
            "max": 0,
            "med": 0,
            "min": 0,
            "p(90)": 0,
            "p(95)": 0
        },
        "http_req_waiting": {
            "avg": 365.8294791371035,
            "max": 801.947247,
            "med": 367.243702,
            "min": 197.584198,
            "p(90)": 371.130728,
            "p(95)": 375.876785
        },
        "http_reqs": {
            "count": 15521,
            "rate": 258.68301807202783
        },
        "iteration_duration": {
            "avg": 366.1019113790356,
            "max": 823.351001,
            "med": 367.339072,
            "min": 202.956664,
            "p(90)": 371.231407,
            "p(95)": 375.996603
        },
        "iterations": {
            "count": 15521,
            "rate": 258.68301807202783
        },
        "vus": {
            "max": 95,
            "min": 95,
            "value": 95
        },
        "vus_max": {
            "max": 95,
            "min": 95,
            "value": 95
        }
    },
    "root_group": {
        "name": "",
        "path": "",
        "id": "d41d8cd98f00b204e9800998ecf8427e",
        "groups": {},
        "checks": {}
    }
}
